Employee_ID,First_Name,Last_Name,Department,Position,Salary,Hire_Date,Country,State,City
1,Aknxoa,Qgofvekr,Marketing,Manager,$116863,2000-04-17,USA,Bavaria,Toronto
2,Rejuuq,Puirkkwa,HR,Manager,$44027,2014-10-14,UK,Maharashtra,London
3,Zaaljx,Uwgcmzge,Engineering,Analyst,$74222,2022-03-25,USA,Maharashtra,London
4,Oobwyu,Ntzlpesk,Sales,Manager,$53437,2003-11-07,Germany,Maharashtra,San Francisco
5,Zypykm,Mnqdpbpy,Finance,Analyst,$42715,2002-09-19,Germany,London,San Francisco
6,Gecvrz,Idpzgclx,Finance,Manager,$65741,2015-07-21,Canada,Bavaria,Munich
7,Djnkgw,Zfpxtmwi,Finance,Executive,$98466,2006-02-21,Canada,Bavaria,Toronto
8,Kacnhn,Dtueyhhw,Sales,Manager,$53030,2004-03-24,Canada,California,London
9,Clfedd,Vkwxybyu,HR,Engineer,$66991,2021-12-18,India,London,Toronto
10,Sfnjyb,Bpcyucoo,Engineering,Analyst,$100352,2021-06-03,USA,London,London
11,Kfbczb,Osgburyo,Finance,Coordinator,$41159,2023-07-18,Canada,London,Toronto
12,Rzekqg,Lmuipnsk,Engineering,Coordinator,$77519,2015-07-03,Canada,Maharashtra,Toronto
13,Wyjwtv,Ykfcscmc,Sales,Analyst,$80608,2019-04-04,Germany,London,Pune
14,Lnnzhj,Ahbbbbet,Engineering,Engineer,$75475,2011-01-05,USA,London,London
15,Udolug,Rrwzpfpy,HR,Engineer,$114790,2021-08-04,Canada,Bavaria,Pune
16,Krqpvp,Xkpepnaq,Marketing,Engineer,$134567,2004-07-28,USA,Ontario,San Francisco
17,Sknntw,Kcsaptuf,Engineering,Executive,$36750,2008-09-05,India,California,San Francisco
18,Cbmhlq,Ccjumskh,Engineering,Analyst,$132125,2010-08-06,UK,London,London
19,Hfuyxi,Vcifhfyw,Marketing,Coordinator,$35777,2003-12-12,Canada,California,London
20,Vxbavu,Iklirzhx,Finance,Engineer,$102150,2018-07-12,Canada,London,Munich
21,Sbygfs,Pkedtcwf,Sales,Manager,$42206,2010-02-04,Canada,California,Toronto
22,Itwrwy,Wykbesoy,Finance,Engineer,$121676,2009-06-25,Canada,California,Pune
23,Ltmigc,Kyntxplo,HR,Executive,$79599,2006-09-15,USA,California,Pune
24,Lfrzip,Dhernvji,HR,Manager,$125948,2018-03-25,Germany,Maharashtra,London
25,Vhasef,Zjpuupvy,HR,Executive,$73143,2007-06-08,Canada,Bavaria,Toronto
26,Hzqyxs,Shchvfpb,Sales,Analyst,$73692,2010-01-13,UK,London,London
27,Fdekls,Hbrntaqt,Marketing,Executive,$103261,2001-03-19,USA,London,Munich
28,Pfrpju,Yuxovfwg,HR,Executive,$34900,2008-03-16,India,London,Toronto
29,Crfirg,Cssxumab,HR,Executive,$101432,2003-12-14,USA,London,Pune
30,Ryhqym,Tunkstfo,Finance,Executive,$92365,2008-12-18,UK,Maharashtra,Pune
31,Kburdc,Bbghcwct,Sales,Executive,$138158,2023-11-15,Canada,Ontario,Munich
32,Tmfisb,Jzvxwjof,Marketing,Engineer,$33662,2016-05-27,USA,Maharashtra,Munich
33,Dbxsfd,Mebnczrp,Finance,Engineer,$66751,2014-07-10,India,London,London
34,Ncdstr,Zsbourmy,Finance,Analyst,$39577,2004-10-01,UK,London,Munich
35,Ljjksj,Opeaijdu,Engineering,Executive,$30853,2001-02-27,India,Maharashtra,San Francisco
36,Ggnhos,Xprpfnkg,Sales,Coordinator,$91214,2002-08-01,Germany,California,San Francisco
37,Fdjqur,Ppxxkkga,Engineering,Analyst,$99218,2008-02-24,Canada,London,Toronto
38,Iqbfwj,Stesdzie,Finance,Executive,$144602,2022-09-22,USA,Ontario,Toronto
39,Jmlazd,Vvfsvpgq,Engineering,Executive,$145646,2023-10-17,Germany,Ontario,Pune
40,Abqnuf,Ajiznohi,Engineering,Executive,$87216,2001-11-23,India,California,Munich
41,Jppzqy,Wlfkefun,Sales,Analyst,$70499,2013-08-15,Canada,Ontario,London
42,Mbpscb,Batrddjb,Marketing,Analyst,$90979,2022-05-14,USA,Ontario,Pune
43,Pjsera,Zsqdyjrx,Marketing,Engineer,$54764,2019-04-14,Canada,Ontario,Toronto
44,Iqfesw,Iihbxrrf,Engineering,Engineer,$55767,2009-11-15,India,London,Pune
45,Mqvdun,Tdzqaevd,Finance,Analyst,$31757,2004-06-27,India,London,Pune
46,Vtvatt,Wrwfcwqg,Marketing,Manager,$132765,2013-07-01,UK,Bavaria,London
47,Uvwuaz,Tczhrrmp,Sales,Executive,$106038,2022-05-02,Canada,Maharashtra,Pune
48,Znbazd,Olulohvw,Marketing,Executive,$77813,2018-01-11,Germany,California,London
49,Nfapee,Fmdrqicv,HR,Engineer,$58434,2009-02-12,USA,Ontario,Toronto
50,Nrvznl,Ohjbdhmm,Engineering,Executive,$92880,2020-08-11,USA,Bavaria,Toronto
51,Welwzs,Futxuvif,Engineering,Manager,$121745,2009-09-28,Canada,London,Munich
52,Ckhvup,Huqqqymf,Finance,Coordinator,$92006,2001-11-08,Germany,London,Pune
53,Qtudca,Wlaevfkb,Sales,Engineer,$68626,2013-09-09,USA,London,San Francisco
54,Nuseeu,Toraozuw,Sales,Engineer,$149430,2020-10-14,USA,Ontario,Pune
55,Bxlqhj,Cdykgdep,Marketing,Analyst,$68251,2018-08-19,Germany,Bavaria,Pune
56,Vmfhka,Llkacabv,Finance,Manager,$115241,2012-06-08,India,Maharashtra,San Francisco
57,Rsyizy,Qxotbsxu,HR,Analyst,$90522,2014-06-23,India,Ontario,Toronto
58,Xawmpz,Jxnnytyr,Marketing,Engineer,$38811,2013-01-19,India,California,Toronto
59,Obdvyb,Rreoftly,Marketing,Engineer,$45191,2023-01-11,UK,London,Munich
60,Izzwzi,Lptktest,Finance,Engineer,$119700,2010-08-21,USA,London,London
61,Ubqqui,Bldlabyf,Marketing,Executive,$88652,2023-07-18,Canada,California,San Francisco
62,Cvibvp,Jmjkugsv,Marketing,Analyst,$107447,2016-08-02,India,Ontario,London
63,Cftsie,Pjgegtgr,Engineering,Analyst,$72407,2016-09-15,UK,Maharashtra,Pune
64,Yzvxkm,Bpqfuthy,Finance,Analyst,$81495,2014-01-07,USA,Maharashtra,London
65,Dvaepo,Krucryyb,Engineering,Engineer,$132215,2014-09-26,USA,London,Toronto
66,Weiinb,Hkxflybt,HR,Engineer,$93510,2004-07-23,UK,Bavaria,San Francisco
67,Sxikzq,Yfmapxyn,Sales,Executive,$110609,2021-06-27,Germany,California,Toronto
68,Esqcck,Xvilimzc,Sales,Analyst,$53961,2006-02-02,Germany,California,London
69,Edlphp,Osnreqks,HR,Executive,$31378,2011-02-10,USA,Ontario,Pune
70,Nuyyjc,Bcamtoxm,HR,Engineer,$103029,2022-11-21,Canada,Ontario,San Francisco
71,Rkjuxm,Okgogmxz,Sales,Coordinator,$82600,2022-07-01,Canada,London,San Francisco
72,Slslap,Fshhaekp,Sales,Engineer,$107989,2011-02-08,Germany,Maharashtra,Toronto
73,Eyxuaz,Kauvjuwr,Engineering,Manager,$54793,2008-03-09,USA,London,San Francisco
74,Ohhpgg,Mjuraeyh,Engineering,Executive,$104190,2005-02-12,Germany,California,Munich
75,Balumv,Nradfeln,Marketing,Analyst,$86979,2002-08-23,Germany,California,London
76,Yllsov,Dahevhkj,Marketing,Engineer,$82212,2016-11-19,Canada,London,Pune
77,Zzyzfu,Xjbxelrg,Finance,Manager,$71999,2008-11-10,USA,Ontario,Toronto
78,Zdbiqj,Yziiuzjx,HR,Coordinator,$148114,2017-04-24,UK,California,San Francisco
79,Bbhrlb,Podxrbgl,Finance,Executive,$86177,2005-02-20,Canada,London,London
80,Rgplbl,Vikzpscm,HR,Executive,$92111,2003-12-03,UK,California,London
81,Wukjbk,Bppnuvxd,HR,Manager,$46313,2006-12-02,USA,Maharashtra,Munich
82,Pcrthx,Yhxgipix,Sales,Engineer,$91116,2012-10-07,Germany,London,London
83,Fmbjyg,Qmccvxlh,HR,Analyst,$52543,2005-06-21,UK,Maharashtra,Pune
84,Tcwllc,Mpbkztmd,HR,Coordinator,$40008,2016-01-22,India,California,Toronto
85,Cutosw,Oxaeidfu,Finance,Manager,$147887,2005-07-28,Germany,Bavaria,San Francisco
86,Lhreoi,Dznbwclc,Engineering,Manager,$102228,2007-01-25,Canada,Maharashtra,London
87,Jkeiza,Sncbaepm,Sales,Engineer,$41572,2003-07-04,UK,California,San Francisco
88,Cvqtjx,Iraxpayh,HR,Engineer,$52262,2019-10-18,Canada,Ontario,Munich
89,Xkcuss,Ekmubwoi,HR,Manager,$106711,2000-02-17,India,Ontario,Pune
90,Zeqycb,Fnufmxhp,HR,Executive,$120279,2016-01-06,Canada,London,London
91,Lrlqkd,Eeezeirx,Marketing,Analyst,$120645,2003-07-23,India,California,London
92,Xmiwrs,Jxycrlmi,Engineering,Coordinator,$75220,2019-02-21,Canada,Ontario,Pune
93,Jmqtvz,Iditkdes,Marketing,Manager,$143790,2018-08-11,India,London,San Francisco
94,Zuqdot,Vvagyxpl,Finance,Manager,$84609,2007-12-28,Canada,London,Toronto
95,Xhjxex,Vtnwntku,HR,Coordinator,$66198,2001-09-21,India,Ontario,London
96,Uwqvmn,Akzqasbl,Engineering,Manager,$109251,2019-09-01,Canada,Bavaria,Toronto
97,Noycek,Otdarczg,Engineering,Analyst,$38622,2002-01-19,India,Maharashtra,Toronto
98,Bekflo,Qjpopuxy,Finance,Engineer,$71332,2000-11-27,USA,Ontario,Munich
99,Zkswce,Swzozjtz,HR,Analyst,$76351,2016-11-11,UK,Maharashtra,London
100,Mvkxsb,Chhwmius,Finance,Engineer,$135989,2010-05-17,Canada,California,Munich
101,Dvxmad,Lfanxrhl,HR,Analyst,$64404,2015-12-08,Canada,California,Toronto
102,Slyvlo,Gkfdcapf,HR,Analyst,$53314,2015-06-28,UK,Ontario,Pune
103,Bglhxb,Xlceneqp,Finance,Analyst,$128735,2017-05-21,Canada,California,Pune
104,Rknzfx,Hzyinufb,HR,Analyst,$34949,2022-01-14,Germany,Bavaria,San Francisco
105,Zqpaip,Cqbxoozt,Marketing,Executive,$128065,2014-10-01,Germany,London,Munich
106,Iekdiv,Hufwpxai,Engineering,Engineer,$143436,2014-07-16,UK,California,Munich
107,Mdbxqr,Vcvytsyw,Marketing,Coordinator,$36103,2009-09-21,Germany,London,London
108,Fpcqby,Vgnzlhqy,Sales,Coordinator,$144537,2012-03-20,USA,Bavaria,Toronto
109,Bvmktu,Mcqnfzbr,Engineering,Engineer,$106430,2017-12-05,India,Bavaria,Pune
110,Qgcdvl,Jfandusp,Engineering,Engineer,$84740,2007-06-18,India,Bavaria,Pune
111,Kdtvzp,Jxlffcnv,Engineering,Engineer,$123718,2009-06-16,Germany,London,Pune
112,Imbrgx,Xqoxjbqz,HR,Engineer,$126137,2000-08-07,Germany,London,San Francisco
113,Izmref,Zugljpzy,Sales,Coordinator,$111265,2011-06-15,USA,Maharashtra,Pune
114,Dxvjnx,Vkxxedvj,Engineering,Engineer,$131748,2000-08-26,Canada,Ontario,Toronto
115,Cokkxf,Roivphfx,Engineering,Executive,$124500,2021-02-02,USA,Bavaria,Pune
116,Zmwxbt,Kmhuayuv,Marketing,Coordinator,$125168,2015-06-04,Germany,Bavaria,Toronto
117,Tapqjc,Rgjtikfx,Finance,Executive,$109025,2012-04-27,USA,Bavaria,Munich
118,Snyvje,Zfsnwaqq,Finance,Analyst,$110869,2004-03-04,Canada,London,Toronto
119,Tigfub,Hprxxaqj,Marketing,Executive,$142314,2020-05-24,India,Bavaria,San Francisco
120,Csaseh,Nrlvigkn,Marketing,Coordinator,$63769,2016-04-26,USA,Ontario,Pune
121,Odwjeh,Ebawqvvo,HR,Coordinator,$69327,2003-06-27,India,London,Munich
122,Vydnum,Wzebveax,Sales,Manager,$38718,2012-04-07,Germany,Bavaria,Toronto
123,Rhwypy,Rllvytbu,Sales,Analyst,$44792,2019-11-03,Canada,Maharashtra,Toronto
124,Tteosq,Obqdtdiv,Finance,Coordinator,$109857,2021-09-15,Canada,Bavaria,Munich
125,Czlrkn,Jmkkuthc,HR,Coordinator,$47261,2001-03-07,USA,Ontario,Munich
126,Grmszy,Jqfvrudb,Engineering,Coordinator,$70727,2016-05-21,India,Bavaria,Pune
127,Bfubmv,Wtdqamgd,Sales,Analyst,$61073,2011-04-24,India,Maharashtra,London
128,Fpebhz,Dzwwtfkm,Sales,Coordinator,$93977,2020-01-04,USA,London,Pune
129,Vmbwhv,Jldyirob,Engineering,Executive,$51702,2004-02-16,Germany,Maharashtra,Munich
130,Lxarer,Fbxknipi,Sales,Analyst,$113389,2013-10-11,USA,Bavaria,London
131,Lfqcsg,Fhikhehm,HR,Executive,$111911,2015-02-23,UK,London,Pune
132,Cshwyo,Xgrspoxv,Finance,Coordinator,$62985,2022-08-27,Germany,Ontario,Munich
133,Rzaxcx,Pbdrdbgm,Finance,Engineer,$113623,2006-03-03,Germany,California,San Francisco
134,Bltmuo,Jljtifhe,HR,Coordinator,$52285,2006-03-14,UK,Ontario,Munich
135,Ypvmub,Ciklhjff,HR,Engineer,$47430,2022-12-27,Germany,Bavaria,Pune
136,Uorwnt,Miszikhd,Marketing,Coordinator,$31242,2005-02-25,Germany,Bavaria,San Francisco
137,Xoufhp,Etbsibri,Finance,Coordinator,$76685,2007-07-21,Canada,Bavaria,San Francisco
138,Zajnei,Ejtdfnnn,Sales,Executive,$83694,2006-01-10,USA,Maharashtra,Toronto
139,Ntcjlt,Laxvoslv,Engineering,Executive,$97821,2001-11-12,UK,Ontario,London
140,Zvmkfh,Fzyzlcjy,Finance,Analyst,$46177,2019-07-22,Germany,Maharashtra,Toronto
141,Qexlde,Ezugjynp,Marketing,Coordinator,$112617,2013-03-05,USA,Ontario,San Francisco
142,Rfibem,Yvxgcysx,HR,Engineer,$113608,2015-06-11,Canada,Ontario,Toronto
143,Abddru,Fcuzghxr,Marketing,Engineer,$83992,2018-08-10,Canada,California,London
144,Qdawjn,Tmhdvmcm,HR,Coordinator,$38362,2022-01-15,Germany,Ontario,Toronto
145,Tmpaks,Fvzzeigp,HR,Coordinator,$101166,2011-06-11,UK,Ontario,Toronto
146,Qozore,Lgbgvojm,Finance,Executive,$43222,2022-03-09,Canada,Maharashtra,Pune
147,Lrxesa,Gxjxwrlx,Sales,Engineer,$117748,2019-09-17,UK,Bavaria,San Francisco
148,Xtmzro,Pbntqceh,Sales,Analyst,$140995,2017-08-15,USA,Bavaria,Munich
149,Khgnee,Zzrsnlzc,HR,Analyst,$129345,2022-05-26,UK,London,Pune
150,Amqyoq,Ltvppmcd,Engineering,Executive,$71392,2017-02-04,Canada,Bavaria,Munich
151,Facbha,Bsxubyje,Finance,Engineer,$36481,2018-06-04,UK,Ontario,Pune
152,Zulcty,Phziztfg,Marketing,Analyst,$61537,2003-05-03,USA,California,Munich
153,Fbqecb,Cryteyyv,Marketing,Analyst,$99028,2004-09-28,Germany,Ontario,London
154,Jnithd,Szlwyxph,Engineering,Executive,$147471,2021-01-26,Canada,Bavaria,London
155,Vcsyyq,Ehdkodbk,HR,Analyst,$135532,2022-10-25,UK,Ontario,San Francisco
156,Rwimvm,Uglpacvr,Marketing,Executive,$119504,2018-01-16,India,Ontario,Pune
157,Ybedrk,Iyzwhidt,Finance,Analyst,$30989,2014-02-08,Canada,Ontario,Toronto
158,Odajzv,Aksjectz,HR,Coordinator,$58446,2001-03-17,Germany,Ontario,Munich
159,Odyptp,Arblwtgw,Sales,Engineer,$99569,2015-07-11,UK,London,San Francisco
160,Ioxyef,Mnoawugp,Engineering,Coordinator,$89447,2009-07-05,Canada,London,Toronto
161,Arwqkm,Msjedelv,Marketing,Manager,$61377,2015-10-01,India,Maharashtra,Pune
162,Gzfxiw,Bnklyizg,Marketing,Engineer,$111461,2009-05-22,UK,California,Munich
163,Nturoe,Bjzrxpwy,Sales,Engineer,$104591,2022-06-28,Canada,Ontario,London
164,Ulagup,Xptanecv,Sales,Coordinator,$52674,2006-09-27,UK,London,London
165,Beikmw,Dcmjqqxs,Engineering,Analyst,$112737,2016-09-19,USA,California,Pune
166,Ldukak,Vhcvtqhu,Marketing,Engineer,$137549,2014-05-28,Germany,Bavaria,Munich
167,Gddifs,Bipnhsmm,Sales,Engineer,$90717,2005-01-26,Canada,Bavaria,Toronto
168,Hlwfas,Uhwwafwq,Sales,Analyst,$138726,2001-03-12,USA,California,Toronto
169,Ijdgdv,Xtarfpdn,Engineering,Manager,$148016,2015-02-26,USA,Maharashtra,Toronto
170,Saakhv,Ylvkbssy,Finance,Analyst,$147272,2013-12-20,Germany,Ontario,Pune
171,Qgmqjp,Tyhlnofv,Sales,Manager,$149208,2020-04-10,Germany,Maharashtra,Pune
172,Egwlbi,Lbvrkqww,Sales,Executive,$38398,2012-04-21,Germany,Bavaria,London
173,Ojmmhh,Bllsurya,Finance,Analyst,$36254,2018-07-14,UK,Bavaria,Toronto
174,Apbzxi,Pacrfpku,Sales,Coordinator,$77270,2016-09-07,USA,Ontario,San Francisco
175,Dtbclj,Inakmwxs,Finance,Analyst,$130319,2004-04-28,USA,London,London
176,Trgcyh,Rzndkdvj,Marketing,Engineer,$54982,2023-12-18,UK,Maharashtra,Pune
177,Hcllyw,Guhqpkje,Marketing,Analyst,$39345,2013-02-24,UK,California,Toronto
178,Xanlxa,Mnjmnfdo,Finance,Manager,$136862,2019-02-04,UK,California,Munich
179,Pgxvsn,Bxaneuud,Sales,Manager,$131814,2020-02-14,Canada,California,Pune
180,Eiyrpb,Ujahqwla,Sales,Manager,$126859,2001-03-20,Germany,Bavaria,Pune
181,Nsblwk,Jwwavwjb,Engineering,Executive,$35493,2022-05-18,Canada,Ontario,San Francisco
182,Fnnvgj,Mwdaxxny,Marketing,Manager,$140681,2012-08-23,Germany,Maharashtra,Munich
183,Curxva,Ayjxnazj,Sales,Engineer,$145933,2018-08-05,Canada,Ontario,Munich
184,Bklmga,Suzignrn,HR,Analyst,$95538,2014-05-18,India,Ontario,Toronto
185,Urlkps,Hjyolegr,Sales,Engineer,$33024,2019-03-10,India,Ontario,San Francisco
186,Qttxjh,Jgzdmatw,Sales,Analyst,$137722,2014-12-01,India,London,San Francisco
187,Hlhwic,Nonewsce,HR,Executive,$54240,2010-10-11,Germany,London,Munich
188,Wjopwe,Qkaatweq,HR,Executive,$93974,2001-07-17,India,Maharashtra,Pune
189,Ebrlok,Pjbdhbmu,HR,Coordinator,$56996,2002-03-26,USA,Bavaria,Munich
190,Gcbjij,Udccambt,Sales,Coordinator,$114833,2022-09-10,India,California,Pune
191,Lqrtqp,Hmplgkxr,Engineering,Coordinator,$144271,2008-07-16,UK,Maharashtra,Munich
192,Fbxufi,Rpirxqhq,Marketing,Manager,$87662,2021-11-21,India,California,Pune
193,Tptfyp,Vmmvjcdh,Marketing,Engineer,$54708,2001-09-28,Germany,Ontario,Munich
194,Fcectd,Qcjzhkzo,Finance,Executive,$81436,2012-10-23,Germany,Bavaria,Toronto
195,Dotcop,Dgmjvumo,Sales,Engineer,$122366,2006-06-01,Canada,London,Munich
196,Yrjrgy,Hpsjjnln,Finance,Engineer,$141587,2021-02-25,Canada,London,San Francisco
197,Gmpxld,Dxycycwb,Sales,Executive,$84139,2001-07-13,India,Ontario,Pune
198,Shathm,Ygwjigov,HR,Engineer,$49508,2019-03-25,India,Bavaria,Toronto
199,Trqjed,Trqtvaqo,Finance,Coordinator,$97917,2023-04-05,India,Bavaria,San Francisco
200,Gtsksm,Dscmdtht,Engineering,Engineer,$105454,2023-07-02,UK,London,London
201,Ixkwuc,Eqahscmy,Sales,Manager,$99830,2015-01-22,India,Bavaria,London
202,Jomlmy,Ciszusly,HR,Coordinator,$90896,2001-02-23,Germany,Bavaria,San Francisco
203,Rszoxs,Jngvigju,Sales,Manager,$147747,2006-10-14,USA,Ontario,Pune
204,Mazupj,Revhljjw,Marketing,Analyst,$147702,2007-12-20,UK,Bavaria,Pune
205,Wakwht,Kbvoalrx,Engineering,Manager,$56182,2015-02-12,UK,Ontario,Munich
206,Cestrh,Xfxyekfl,Engineering,Engineer,$117494,2011-07-05,UK,London,London
207,Xvlcwi,Gjbsqkda,HR,Executive,$128614,2019-09-13,UK,Maharashtra,London
208,Bjqkat,Lwbgbzgo,Sales,Coordinator,$134181,2017-08-08,UK,Bavaria,Pune
209,Qgjwff,Knjcqxbl,Marketing,Coordinator,$119148,2001-09-22,UK,Ontario,London
210,Hwywey,Racptgyh,Engineering,Executive,$138502,2019-12-27,UK,Bavaria,Pune
211,Thtdrv,Afdnkatk,Engineering,Analyst,$118283,2013-07-10,USA,Bavaria,Pune
212,Hypqmv,Eoekycny,Engineering,Coordinator,$69126,2015-02-14,USA,California,Pune
213,Gucejb,Ggdweevf,Marketing,Manager,$122043,2003-09-11,UK,Ontario,San Francisco
214,Xhrqkp,Lccfwlij,Engineering,Analyst,$52706,2007-01-15,Canada,Bavaria,Munich
215,Gtepgj,Dcjehzsr,Finance,Manager,$135344,2011-08-12,Canada,Bavaria,San Francisco
216,Cssuqy,Bajjhnqg,HR,Coordinator,$33018,2009-07-08,India,Ontario,San Francisco
217,Qnfpvj,Ygezghgj,HR,Manager,$89286,2003-04-16,Canada,Bavaria,Munich
218,Okyxtn,Itmwybwe,Marketing,Executive,$107673,2002-11-25,Germany,Maharashtra,London
219,Sutyyo,Fyalorey,Engineering,Executive,$123067,2011-01-15,USA,California,San Francisco
220,Dhomeq,Bwgbrxqz,HR,Engineer,$79104,2018-09-13,India,Bavaria,Pune
221,Oulpra,Cphrvdsl,Sales,Engineer,$141917,2017-04-07,UK,Maharashtra,Toronto
222,Xjezod,Ysaaukim,Marketing,Coordinator,$102392,2006-05-06,Canada,Bavaria,Pune
223,Vnorph,Fpbbxhif,Finance,Analyst,$87334,2006-07-23,India,London,Munich
224,Gbwfol,Ntwqkzcg,HR,Engineer,$115180,2002-06-24,USA,Maharashtra,San Francisco
225,Xzrxjs,Uvefeuup,Finance,Engineer,$103513,2009-09-05,Canada,Ontario,San Francisco
226,Dvbugs,Nhzsdyam,Marketing,Engineer,$141464,2002-03-08,Canada,Maharashtra,Toronto
227,Bdwcvq,Exsecafo,Marketing,Manager,$49978,2013-10-07,UK,Bavaria,Munich
228,Bxvuio,Aekgiksh,HR,Executive,$85481,2004-10-27,India,Bavaria,Pune
229,Kfyskp,Osmhkntt,HR,Analyst,$107938,2010-12-22,Germany,Maharashtra,Munich
230,Ulkwgv,Opstafia,Sales,Analyst,$52351,2007-11-24,Canada,London,San Francisco
231,Usaxiu,Liydvgkt,Engineering,Manager,$105923,2020-02-04,Canada,London,London
232,Vwjiti,Weycfzrn,Marketing,Manager,$114724,2006-08-19,UK,Bavaria,London
233,Htizay,Lqjlbifl,HR,Executive,$109793,2013-10-19,India,Maharashtra,Pune
234,Qepcnf,Sydwwblt,Sales,Engineer,$59808,2007-02-02,India,Ontario,Pune
235,Mldlwx,Hbhdffmi,Sales,Coordinator,$108010,2016-04-19,Canada,Ontario,San Francisco
236,Qjoaer,Ylbbdcks,HR,Executive,$96008,2000-08-09,Canada,Bavaria,London
237,Kukwte,Kvswkjnx,Marketing,Manager,$89151,2014-12-06,Germany,Bavaria,Pune
238,Sfiyar,Wuipnizk,HR,Executive,$141945,2003-01-08,Canada,London,London
239,Ibeuev,Xfbzessm,HR,Analyst,$46821,2003-11-25,Germany,California,London
240,Ptvyrs,Znvtibwe,Finance,Executive,$110322,2006-01-25,USA,Bavaria,San Francisco
241,Hslqgd,Agfohdcw,Finance,Engineer,$75674,2018-06-27,India,California,Munich
242,Kprlss,Qndjlukk,Finance,Coordinator,$148369,2000-08-23,Canada,Ontario,Munich
243,Oafigf,Wjvfsvaw,HR,Executive,$136900,2002-01-02,India,Ontario,Munich
244,Tcnpuo,Xqpmiihi,Sales,Manager,$70632,2017-12-28,Canada,London,Munich
245,Prbgfg,Acwqxyly,Finance,Manager,$116559,2006-06-26,Germany,Ontario,London
246,Itvlro,Cwgmdhhe,Finance,Engineer,$91509,2019-01-09,Canada,Bavaria,Pune
247,Qbwzoi,Fqdpwxbo,Marketing,Engineer,$73320,2011-03-20,USA,Maharashtra,London
248,Vwbhyx,Jvrndnid,Finance,Coordinator,$119217,2020-10-10,USA,London,Munich
249,Zjhuyi,Aidjqtwa,Marketing,Engineer,$34273,2023-01-05,USA,London,Toronto
250,Mhnyyw,Cggxehzp,Sales,Manager,$40250,2017-10-06,Canada,Ontario,London
251,Mwaqcl,Pqsjkhfk,HR,Executive,$80195,2003-12-23,UK,London,Pune
252,Pqcbjs,Ypbqqneu,Sales,Analyst,$46232,2010-05-03,Canada,Maharashtra,London
253,Mahecd,Dvxaxdse,HR,Engineer,$50920,2009-07-03,UK,London,San Francisco
254,Jknefk,Jinaaupe,Engineering,Engineer,$142222,2020-05-05,India,Maharashtra,London
255,Pvzndl,Taskqcez,Marketing,Manager,$43237,2004-09-24,Canada,Maharashtra,San Francisco
256,Aiaepm,Wsrbqcmz,HR,Executive,$43966,2008-08-28,Canada,California,Munich
257,Zkdqwi,Scchsmaw,Marketing,Executive,$109000,2021-02-19,UK,Ontario,Toronto
258,Onyarg,Ugztltga,Sales,Executive,$99750,2012-11-28,USA,Maharashtra,Munich
259,Mybbqq,Repgbkjc,Sales,Executive,$78023,2016-08-12,India,California,Pune
260,Uvlilk,Klnwlsrd,Finance,Engineer,$89923,2001-04-02,Canada,Maharashtra,Pune
261,Ziwnxh,Jeabnbol,Sales,Executive,$42390,2020-01-13,USA,Bavaria,Munich
262,Iqtkxw,Qjuixcsa,Marketing,Engineer,$74747,2017-02-04,UK,London,London
263,Qeikpe,Grrqceia,Engineering,Coordinator,$117948,2021-03-08,USA,Bavaria,Munich
264,Kwilko,Yrtikeip,Engineering,Executive,$96564,2021-02-12,Canada,London,Pune
265,Ndyeoq,Mtkytauf,Marketing,Manager,$45906,2023-05-06,UK,Maharashtra,San Francisco
266,Biantv,Ypfmgcaf,Engineering,Executive,$122883,2007-07-07,Germany,California,Munich
267,Hzyrqf,Lqhvfsnx,Engineering,Engineer,$126901,2005-08-27,India,Bavaria,Pune
268,Ljmhgq,Ufouojfi,Marketing,Executive,$117824,2017-02-17,Germany,Ontario,Pune
269,Apbxgw,Hrbfbkwx,Engineering,Engineer,$136692,2018-10-04,Germany,Bavaria,San Francisco
270,Ozduoz,Dlatyhqk,Marketing,Analyst,$105682,2003-10-05,Germany,California,San Francisco
271,Tzhqmf,Sflbyyhy,Sales,Executive,$129151,2004-06-20,Germany,Maharashtra,London
272,Gikcst,Vzshrhes,Marketing,Executive,$123584,2005-05-13,Canada,Bavaria,San Francisco
273,Kynbky,Kawbzfpc,Sales,Executive,$129195,2007-02-23,Canada,California,London
274,Weywqa,Wspqwzcz,Engineering,Coordinator,$71959,2008-04-11,USA,Ontario,San Francisco
275,Nynxiz,Snzzanjg,HR,Analyst,$120226,2023-02-11,USA,Bavaria,Toronto
276,Xbhbbr,Adfbgcob,Marketing,Coordinator,$46257,2014-10-10,India,California,Munich
277,Kmslpq,Itqvsmez,Sales,Executive,$148493,2022-06-20,India,Maharashtra,Munich
278,Dfeeat,Dvkuaezj,Finance,Engineer,$61263,2020-07-17,Germany,California,Pune
279,Sztnpk,Adaesngf,Engineering,Executive,$134786,2019-11-07,UK,Ontario,Munich
280,Bjmzgg,Ssqsfpnt,HR,Coordinator,$52475,2016-03-28,Canada,Maharashtra,London
281,Nsdyrq,Rztjhquv,Finance,Coordinator,$80609,2000-01-16,Germany,California,Munich
282,Ecwkju,Qmkegyie,HR,Coordinator,$68746,2011-12-22,Canada,Bavaria,Munich
283,Iqhbov,Topgiide,Finance,Engineer,$69608,2013-02-20,Canada,Maharashtra,Toronto
284,Szevuj,Iyvlysar,Engineering,Engineer,$119030,2013-01-04,India,Bavaria,Munich
285,Cfobdv,Ssfvwuqv,Sales,Engineer,$57171,2016-04-01,Germany,London,Toronto
286,Ipwiac,Hwurxlao,HR,Executive,$34292,2003-06-19,Germany,London,San Francisco
287,Rhctow,Nwjsobmp,Finance,Executive,$137490,2003-08-12,USA,Ontario,Toronto
288,Babbfu,Vtovedua,Finance,Analyst,$139862,2005-01-22,Canada,Bavaria,London
289,Ficcvo,Izswepkb,Finance,Engineer,$118412,2004-07-06,Canada,Ontario,London
290,Qqhzoy,Wbplptop,Engineering,Engineer,$110633,2001-06-20,USA,Maharashtra,Pune
291,Vhvvkw,Vkwuoaeu,Marketing,Engineer,$70324,2006-09-09,Germany,Bavaria,San Francisco
292,Ovqhsb,Zifuzkej,Sales,Manager,$56315,2000-07-20,India,London,Munich
293,Jfibhv,Hkwyziyg,HR,Engineer,$134090,2010-02-13,Canada,Bavaria,Munich
294,Piungf,Wkjwoegj,Engineering,Manager,$113343,2002-09-18,Germany,Maharashtra,London
295,Tiogtw,Jdladyys,Finance,Engineer,$40037,2012-11-03,USA,London,London
296,Qsicfa,Ensexqiz,HR,Executive,$116241,2013-04-15,Germany,Ontario,London
297,Cvvctz,Iucwpgia,Sales,Engineer,$44150,2001-07-16,India,Ontario,Munich
298,Hnkife,Qiafyvsc,Sales,Analyst,$114375,2019-12-22,India,Bavaria,Toronto
299,Amwbni,Fkkuuuqq,Marketing,Executive,$55122,2011-09-17,UK,London,San Francisco
300,Zijilc,Jtbcrmzd,Sales,Engineer,$118508,2004-03-20,India,Maharashtra,Toronto
301,Rpcwhz,Ldfgzzgk,HR,Analyst,$95627,2011-12-05,UK,Maharashtra,Toronto
302,Kmwnxf,Ytrugsvn,HR,Engineer,$118088,2007-01-16,Germany,Maharashtra,London
303,Dvtnko,Lqecwptn,HR,Executive,$105645,2008-05-04,Canada,Maharashtra,London
304,Pkhpiy,Btgsfoka,Marketing,Engineer,$123575,2013-04-07,USA,Ontario,San Francisco
305,Twmrfo,Rujhshwf,Finance,Executive,$78909,2002-11-12,Canada,Ontario,Munich
306,Hphsmg,Xbouyshk,Marketing,Analyst,$40486,2022-03-09,India,Ontario,London
307,Nynfwv,Oqnhfwrd,Marketing,Manager,$97446,2015-11-06,UK,California,Munich
308,Qqtopo,Nzdrgsai,Marketing,Analyst,$83417,2009-12-13,USA,Ontario,Munich
309,Zkazqy,Usehhwtx,Sales,Analyst,$130172,2020-01-13,India,London,Pune
310,Rdgjio,Kcdunijq,Marketing,Coordinator,$95032,2011-10-18,UK,Ontario,Pune
311,Qnmetc,Fiehqvxi,HR,Analyst,$100396,2007-09-25,USA,Bavaria,San Francisco
312,Gnlxud,Nzdassyv,Engineering,Coordinator,$54420,2018-02-23,Canada,Bavaria,Munich
313,Phawna,Zqcvtcub,Finance,Manager,$94877,2007-10-25,Germany,Maharashtra,San Francisco
314,Yrtlzl,Xpjnaent,Finance,Manager,$85884,2014-03-14,USA,Bavaria,Toronto
315,Aqstcm,Kigfgozv,HR,Coordinator,$83684,2011-06-25,USA,Ontario,Toronto
316,Beycsi,Hzjccxrr,Finance,Coordinator,$40051,2019-04-26,USA,Maharashtra,San Francisco
317,Weqhqi,Mgpoufjd,HR,Manager,$99596,2000-11-01,India,Bavaria,London
318,Kosauu,Debvmkxw,Finance,Engineer,$121324,2012-05-09,India,Ontario,Toronto
319,Pzlsmh,Qemkybzo,Finance,Analyst,$39485,2015-03-16,Germany,Maharashtra,Toronto
320,Zzzjpk,Pyxmrfss,Marketing,Analyst,$121490,2012-08-08,UK,California,Toronto
321,Jpqzrm,Awdrlkdw,Sales,Analyst,$74284,2006-01-02,India,Ontario,London
322,Owrcbd,Ulgesbgu,Marketing,Engineer,$56023,2023-02-08,Canada,London,Munich
323,Hcpjic,Kweclfnn,HR,Coordinator,$33514,2021-12-13,UK,Bavaria,Pune
324,Ixechd,Jxdisfso,Engineering,Executive,$49025,2022-03-25,India,Maharashtra,Pune
325,Largfm,Lxktncbj,Marketing,Manager,$104123,2003-05-03,India,Bavaria,London
326,Sjritu,Dycgcymm,Sales,Manager,$90407,2000-11-26,UK,California,San Francisco
327,Whntzj,Mtdaxqfl,Finance,Manager,$141958,2009-04-03,India,London,Toronto
328,Yygeam,Ahpkynxq,Engineering,Manager,$86306,2023-09-24,UK,London,Munich
329,Syqhkt,Vugocinx,Marketing,Engineer,$107516,2013-10-18,Canada,California,Pune
330,Nznzpl,Rqbhlwyh,Marketing,Executive,$98458,2023-04-22,UK,London,Toronto
331,Onuglj,Quudlejm,HR,Coordinator,$114716,2001-08-09,UK,London,Pune
332,Khyupm,Xwjofadw,Finance,Executive,$73410,2004-01-20,USA,London,Pune
333,Cvazcq,Qsheazxo,Engineering,Coordinator,$104147,2021-10-12,India,London,Munich
334,Kmtocf,Ytsnbrhr,Marketing,Analyst,$38002,2014-01-24,Germany,California,Pune
335,Dcangv,Gpimlpcg,Engineering,Manager,$84171,2001-08-09,UK,California,London
336,Yefncq,Yszulywv,Engineering,Engineer,$72451,2006-10-17,India,Ontario,Munich
337,Juslky,Eumqscrv,Engineering,Manager,$67910,2001-04-11,USA,Ontario,London
338,Ayebwg,Nopfhgwh,Engineering,Analyst,$98463,2006-01-07,UK,Ontario,San Francisco
339,Cnzjef,Mfsjlamb,Engineering,Engineer,$90124,2006-09-16,India,London,Toronto
340,Uqggie,Htotfeez,Engineering,Analyst,$138332,2014-01-11,Germany,Ontario,Pune
341,Rzuras,Pshfuyhu,Engineering,Manager,$79096,2021-12-11,India,California,London
342,Cklxdz,Tywfpaws,HR,Analyst,$54453,2005-12-09,Canada,London,Munich
343,Jfozrm,Bucwjrkk,HR,Coordinator,$121178,2005-04-13,Canada,London,Pune
344,Gjkeqd,Qnxlhxjv,Marketing,Executive,$32300,2004-12-07,USA,Ontario,Toronto
345,Lzkepm,Gzfkhije,Sales,Manager,$105747,2008-09-28,Canada,London,Munich
346,Vyctxf,Pypibgyp,Marketing,Analyst,$56637,2006-05-13,UK,California,London
347,Wrzplz,Xhotkjmc,Engineering,Coordinator,$73727,2014-03-07,Germany,Bavaria,Munich
348,Sbmfsw,Vygrhwrh,Finance,Analyst,$130076,2003-09-06,Germany,California,London
349,Wztjyf,Mixjojyt,Sales,Engineer,$101206,2020-12-24,Canada,Bavaria,San Francisco
350,Ywauxo,Ddnfutpk,HR,Executive,$139857,2005-05-02,Canada,London,Munich
351,Yslvrn,Slngbreo,Sales,Executive,$145386,2021-12-18,USA,California,San Francisco
352,Dkhlzd,Pmyuhsmo,Sales,Executive,$89763,2008-01-01,India,Maharashtra,Toronto
353,Ycxyhl,Hmuexksd,HR,Coordinator,$124748,2004-12-21,USA,Maharashtra,London
354,Alarwg,Tjivyjkq,Marketing,Analyst,$81455,2012-06-07,Germany,Ontario,San Francisco
355,Bzdmxm,Enroowso,Sales,Executive,$132938,2020-06-05,UK,Ontario,Munich
356,Vkagnd,Yoeiusbr,Sales,Manager,$44833,2012-02-07,Germany,California,London
357,Qohdio,Xsyawomu,Finance,Executive,$118367,2009-04-06,India,Maharashtra,Toronto
358,Wniotw,Esxkvrou,HR,Manager,$71950,2014-09-24,Canada,London,Munich
359,Nysvkq,Hjllumsj,HR,Engineer,$135727,2003-07-22,USA,Bavaria,Munich
360,Qxuiqc,Etmhvlaf,Sales,Analyst,$89262,2004-01-12,USA,Bavaria,London
361,Ybzrgl,Delbbutf,Finance,Executive,$139238,2010-09-06,Germany,London,Pune
362,Ncwbhj,Ygtzcagr,HR,Executive,$33313,2009-05-03,UK,Ontario,London
363,Xflbge,Imlskoix,Finance,Executive,$135037,2007-11-12,Canada,California,London
364,Foxyzw,Pzmevqrz,Marketing,Analyst,$140977,2019-07-01,UK,Maharashtra,London
365,Hyrjxe,Knxuzuyu,Marketing,Analyst,$49215,2018-07-02,Canada,London,Munich
366,Fkkdpg,Quiktene,Finance,Executive,$134425,2014-07-11,India,California,San Francisco
367,Aygwkp,Axbvyzle,Finance,Engineer,$55740,2002-10-26,India,California,London
368,Ajsido,Gqiuwtag,Marketing,Executive,$116842,2006-02-18,Canada,Ontario,London
369,Pyxibo,Yrlfhckr,Marketing,Analyst,$135354,2004-11-14,India,California,Toronto
370,Rbpeqp,Fucsnhcg,HR,Executive,$60792,2015-07-26,USA,California,Pune
371,Stpgcw,Witswypd,Finance,Analyst,$95666,2010-06-16,Germany,London,London
372,Cizmpy,Lpocjnrm,Marketing,Engineer,$91561,2012-09-08,USA,London,London
373,Gpigzh,Rwxnjmkw,Engineering,Executive,$60960,2007-05-10,India,Maharashtra,Munich
374,Fcxssb,Zdyjeajy,Finance,Manager,$44518,2005-05-09,Canada,Ontario,Toronto
375,Yulbhl,Ozfymrnw,Finance,Engineer,$147256,2004-11-20,Germany,Ontario,Munich
376,Dmogln,Xamcmxge,Engineering,Coordinator,$30421,2007-05-22,UK,Maharashtra,Toronto
377,Elhpwx,Babezbge,Finance,Engineer,$103360,2014-04-18,Germany,California,Pune
378,Cpzxma,Kajkmhsy,HR,Manager,$55246,2015-10-27,Germany,California,Toronto
379,Xybohl,Wyotimxs,Marketing,Engineer,$40256,2006-04-20,India,Bavaria,Pune
380,Fbqubg,Tbfwzvpb,Sales,Analyst,$141122,2001-07-19,Germany,California,Toronto
381,Rwrqcl,Vppvqmrm,Sales,Coordinator,$112156,2010-11-01,Germany,Bavaria,London
382,Bjaahr,Azenkjri,Finance,Executive,$92527,2015-01-10,Germany,California,Toronto
383,Ebojcl,Wueredvw,Sales,Engineer,$42265,2008-12-04,UK,Maharashtra,Toronto
384,Glppzx,Sdjitcgq,HR,Engineer,$93750,2007-01-07,India,Ontario,Toronto
385,Gfpwik,Jkbepikb,Finance,Engineer,$56015,2012-09-24,UK,California,London
386,Sxzmje,Eoxhvuip,Finance,Manager,$43794,2010-03-21,UK,Maharashtra,Pune
387,Epsiym,Uqrdutir,HR,Manager,$149403,2015-09-26,Germany,Maharashtra,Munich
388,Ezgmgq,Zkzgvrkb,Sales,Analyst,$90368,2006-08-18,Germany,Ontario,Toronto
389,Nwjtez,Yhuiedjq,Sales,Coordinator,$133296,2003-12-01,India,California,London
390,Hyxtpe,Edoqiqnp,HR,Coordinator,$77793,2020-09-08,India,Bavaria,Munich
391,Plohhb,Kqlcjprv,Finance,Executive,$47049,2009-06-04,USA,London,Toronto
392,Qyzzrw,Dptvhwsl,Engineering,Coordinator,$59214,2005-05-05,Canada,London,Pune
393,Plkytw,Thsvvqtc,Finance,Manager,$130785,2011-03-23,Canada,London,Toronto
394,Pywepn,Gztpavhd,HR,Manager,$125987,2008-08-08,Germany,California,Munich
395,Zjbpqr,Qawzxnii,Engineering,Coordinator,$89302,2014-10-05,Canada,Bavaria,Munich
396,Xaqcrj,Oekqkchs,Engineering,Coordinator,$147630,2003-04-02,India,Maharashtra,London
397,Yxvvso,Edgnaafy,Engineering,Analyst,$39501,2004-07-08,Canada,Bavaria,Pune
398,Cbxoma,Xckviciw,Marketing,Executive,$43617,2010-02-15,USA,California,Toronto
399,Wgywyi,Aywnjpdm,Marketing,Executive,$95224,2005-12-01,UK,London,Pune
400,Sxzoqn,Bsrgdbnw,Sales,Analyst,$98560,2018-11-14,UK,Ontario,Toronto
401,Lwiyeq,Ggiqndqe,HR,Engineer,$128776,2003-08-26,Canada,Bavaria,Munich
402,Fbmuha,Hvlyhgrf,Sales,Engineer,$71395,2023-08-02,USA,California,San Francisco
403,Tpuazk,Kvjjjnrz,Finance,Executive,$38377,2005-07-26,Germany,Ontario,San Francisco
404,Oakspr,Mofiknxe,Finance,Engineer,$129628,2022-07-21,USA,London,Toronto
405,Amgxyw,Uwoogtts,Engineering,Engineer,$58043,2020-10-04,USA,London,San Francisco
406,Kgboov,Wmugidvh,Engineering,Engineer,$58503,2017-01-10,Canada,Ontario,San Francisco
407,Qahrke,Aqyadffh,Marketing,Manager,$77983,2014-11-20,Canada,Ontario,Pune
408,Wfigxl,Ukrfcaog,Sales,Manager,$128139,2013-04-01,UK,Ontario,San Francisco
409,Rpttqa,Ikcqwyxh,Engineering,Manager,$101766,2007-09-21,Germany,London,Pune
410,Tmlhth,Bmopgasr,Marketing,Executive,$41409,2014-02-13,Canada,California,Pune
411,Ylallt,Irojptgc,HR,Manager,$149981,2008-06-22,UK,California,Pune
412,Czxoxr,Hfpmfuke,Marketing,Executive,$125752,2001-08-02,India,Maharashtra,Pune
413,Vwnyoi,Srozgknx,Sales,Manager,$32527,2021-12-12,Germany,California,Munich
414,Jgoxkg,Oyqdtmqn,Marketing,Engineer,$31624,2007-05-07,UK,London,London
415,Ynqzyw,Jggsrcxq,Engineering,Engineer,$105514,2017-10-01,USA,Ontario,Pune
416,Spgwto,Bfnmvuav,HR,Manager,$68347,2008-07-04,UK,London,San Francisco
417,Gxhxtf,Zkbcjgfs,Engineering,Analyst,$58508,2023-10-11,USA,California,San Francisco
418,Tzptmm,Htafscqa,Engineering,Coordinator,$83064,2007-10-09,Germany,London,Pune
419,Zdpnxh,Qmhcwkud,Marketing,Executive,$131866,2019-09-18,USA,Ontario,Munich
420,Ciafbd,Sdxjavhh,HR,Coordinator,$108766,2021-08-20,Canada,Ontario,Munich
421,Afqwml,Xklewsqo,Finance,Analyst,$117260,2020-01-10,Germany,Maharashtra,Toronto
422,Iwgjfe,Bnthsgnf,HR,Coordinator,$42486,2015-04-20,Germany,London,Pune
423,Fcmoti,Eqjobcmo,Marketing,Analyst,$93131,2002-10-17,UK,London,San Francisco
424,Anqunt,Glagcgot,Finance,Analyst,$89000,2006-02-17,India,London,Pune
425,Euaovv,Iqxxsgnh,Engineering,Coordinator,$128054,2013-02-22,UK,Ontario,Pune
426,Kbchci,Cdxpcbkc,Engineering,Engineer,$63246,2003-05-10,Germany,Ontario,Pune
427,Wrpfcv,Oigtixwx,Sales,Manager,$45052,2006-03-03,UK,Ontario,Pune
428,Ffswaz,Upoilbsm,Marketing,Executive,$125532,2010-12-10,UK,Bavaria,Munich
429,Krtoxo,Rnszodvo,Marketing,Manager,$62458,2008-12-24,Canada,London,Toronto
430,Omrawn,Rvyrggyi,Sales,Engineer,$96353,2013-11-19,UK,California,London
431,Lxrsrg,Onbhffhb,Engineering,Executive,$63095,2003-09-20,UK,Ontario,San Francisco
432,Opxjlj,Vhpcedro,Finance,Coordinator,$76285,2009-04-01,Germany,Maharashtra,Munich
433,Mliopj,Wpyqcmzx,Marketing,Executive,$131874,2009-08-24,India,Ontario,Toronto
434,Ctbobo,Xzicblvl,Engineering,Analyst,$128015,2012-04-04,UK,California,London
435,Emfbuq,Kghhqqnn,Sales,Analyst,$142629,2007-03-12,USA,Ontario,Toronto
436,Jdnkvh,Rthourdf,Sales,Engineer,$63883,2000-05-19,Canada,Bavaria,Munich
437,Cqfzal,Zkkutjjs,Sales,Coordinator,$110539,2006-11-19,Canada,Maharashtra,Toronto
438,Hrymjk,Hksnrnko,HR,Analyst,$77213,2010-10-27,UK,Bavaria,Pune
439,Acyaig,Fgdscuox,Sales,Engineer,$90486,2022-02-26,Germany,Bavaria,Pune
440,Unswrf,Htnxaaot,Sales,Engineer,$134674,2001-02-18,UK,London,Pune
441,Kzuski,Rkbolljx,Engineering,Analyst,$94547,2013-09-04,Germany,Maharashtra,Munich
442,Kxfykd,Qlxzluts,HR,Engineer,$99389,2014-08-04,USA,London,San Francisco
443,Yzlhda,Rmbholtu,Finance,Analyst,$99220,2021-12-02,Germany,California,Toronto
444,Xzewol,Kclzyxci,HR,Coordinator,$110594,2006-12-22,USA,California,Toronto
445,Hsekgu,Ouryxktg,Finance,Analyst,$126458,2011-05-05,Canada,Bavaria,Pune
446,Czbjep,Diurmnzd,HR,Manager,$143234,2001-05-12,India,London,London
447,Fktsnw,Hntdexmr,Finance,Coordinator,$30168,2017-01-13,Canada,California,Toronto
448,Fynzvu,Hiagcikp,Finance,Manager,$31583,2009-12-06,USA,Ontario,London
449,Olyuet,Ebqehzsg,Sales,Coordinator,$100528,2020-08-15,USA,Bavaria,London
450,Yfwrzl,Eaigywbd,HR,Analyst,$73920,2017-09-26,UK,Ontario,London
451,Dfkkro,Fouitenk,Engineering,Engineer,$148129,2003-11-20,Germany,Ontario,Pune
452,Rxpdrb,Jhohofwb,Marketing,Executive,$124620,2006-10-14,Germany,London,San Francisco
453,Qemzgt,Ptuhvipr,Marketing,Coordinator,$120212,2008-07-27,UK,Bavaria,Toronto
454,Eoqoxj,Xlxnefmp,Sales,Executive,$73741,2008-09-03,Germany,London,Toronto
455,Uwivtg,Icrvcuca,HR,Engineer,$67738,2002-11-14,India,Bavaria,London
456,Wegxtm,Ssehlqyr,Finance,Analyst,$76520,2001-01-01,UK,Bavaria,Pune
457,Guvxyo,Njzizcdk,Engineering,Executive,$61405,2019-02-15,India,Ontario,San Francisco
458,Voptsp,Cdhfagks,HR,Manager,$39445,2016-08-05,India,Bavaria,Pune
459,Ejdvpx,Swqoxlrg,Engineering,Manager,$54601,2017-10-16,Canada,California,Toronto
460,Theeje,Fesydksk,Sales,Engineer,$54676,2007-12-02,USA,California,Toronto
461,Fsdvvv,Cetjtwtl,HR,Engineer,$45853,2002-06-07,India,California,San Francisco
462,Tmcvgo,Qxkdxpym,HR,Manager,$124417,2014-11-27,USA,Bavaria,Pune
463,Kwbbfd,Chdsggzi,HR,Executive,$95984,2020-07-19,Canada,Ontario,Munich
464,Dbpbrv,Txapwxuq,HR,Executive,$110515,2022-08-16,India,London,Toronto
465,Mszjbj,Hbxogtiw,Sales,Manager,$99946,2022-06-17,Canada,Bavaria,San Francisco
466,Sgvalp,Kpyhdkpx,Sales,Coordinator,$87834,2000-07-28,India,Bavaria,Munich
467,Fanjgs,Xmqcwxqq,Finance,Manager,$124117,2006-02-25,Germany,London,Munich
468,Njhgpb,Qsgnjcvt,HR,Analyst,$109422,2016-09-16,UK,Bavaria,San Francisco
469,Bvseuc,Aeiuzgwt,Engineering,Engineer,$52501,2020-05-01,UK,Bavaria,Pune
470,Rqtiqm,Cmnpkxuo,Marketing,Analyst,$52165,2022-07-15,Germany,London,Toronto
471,Amkdmw,Ubdquwzq,Marketing,Coordinator,$52238,2004-12-28,Canada,Ontario,London
472,Wbzmtb,Phgexsza,Marketing,Coordinator,$33614,2006-11-11,India,California,Pune
473,Tspnsl,Dspxkrvb,Engineering,Analyst,$69144,2004-03-06,Canada,California,San Francisco
474,Okrbdw,Dvujckai,Engineering,Manager,$108944,2008-06-15,India,Bavaria,Pune
475,Aalias,Tdqwfpvk,Marketing,Analyst,$73189,2014-12-28,Germany,Bavaria,London
476,Badaal,Otarzyru,Finance,Coordinator,$89789,2004-03-15,Germany,Ontario,London
477,Jjuzli,Lnlehlpw,Sales,Executive,$38676,2014-03-18,India,London,Munich
478,Wtazjg,Oxigojeb,HR,Analyst,$118919,2001-06-12,Canada,London,Pune
479,Udbupc,Ikyzdkdc,Engineering,Engineer,$88334,2004-12-27,UK,Maharashtra,Munich
480,Nqlept,Cptjwozc,Marketing,Manager,$35334,2018-12-05,Canada,London,London
481,Kcdqci,Dvwshrgy,HR,Manager,$82569,2016-11-14,Canada,California,London
482,Twqftw,Wprjofaq,Finance,Analyst,$70860,2019-01-04,Germany,Bavaria,Munich
483,Ntaomc,Gyhkmldt,Engineering,Executive,$33746,2009-08-23,Canada,London,London
484,Sxeggl,Qfgknzal,Finance,Engineer,$138925,2016-07-06,USA,Ontario,Munich
485,Mdhofc,Wbqscoow,Sales,Manager,$47782,2015-02-12,UK,Bavaria,London
486,Xcratc,Xfinktqq,Marketing,Engineer,$104365,2010-05-06,USA,Ontario,Munich
487,Xgshks,Jhayprak,HR,Executive,$40283,2009-05-08,India,California,London
488,Peqqlz,Hunhlbup,Engineering,Analyst,$85776,2014-10-15,India,Bavaria,San Francisco
489,Uhqqtk,Oarqmady,Engineering,Executive,$47045,2006-09-08,India,California,Toronto
490,Ngmibc,Qlpgnshf,Engineering,Executive,$143823,2002-06-03,Germany,California,Toronto
491,Foogsn,Exqtskhg,Sales,Executive,$103688,2014-01-06,India,Bavaria,San Francisco
492,Wddsnx,Qvbgegou,Sales,Executive,$75072,2010-12-01,Canada,Ontario,London
493,Agcrvn,Doobkjji,HR,Executive,$82995,2015-11-06,USA,Bavaria,Toronto
494,Mmnrua,Qialchgb,Finance,Coordinator,$35354,2014-05-26,Canada,Bavaria,Pune
495,Khnfna,Pxakgaci,Engineering,Executive,$110750,2002-01-12,Canada,London,San Francisco
496,Lykcyo,Hgovzfwq,Engineering,Engineer,$52926,2019-08-13,Germany,London,San Francisco
497,Qiezjm,Vbuolpeg,Marketing,Analyst,$116650,2002-12-17,USA,California,Pune
498,Fmhldd,Gxzqrryk,Sales,Executive,$93009,2011-07-23,India,London,Munich
499,Akqaid,Dqmhfxgr,Marketing,Executive,$97464,2008-11-23,UK,Bavaria,Munich
500,Xhjolp,Bxdkygux,Finance,Analyst,$74198,2018-11-20,Canada,Ontario,San Francisco
501,Tlmzqn,Nskollex,Finance,Engineer,$130874,2004-08-04,Germany,London,Pune
502,Kdeawq,Duzqapjh,Engineering,Coordinator,$134594,2015-10-14,UK,California,London
503,Alfpei,Ugswpxyg,Finance,Engineer,$128489,2019-11-11,Canada,Bavaria,Munich
504,Qehjyf,Lsejxaqx,Engineering,Manager,$97562,2015-10-23,India,Maharashtra,Pune
505,Mwuwhu,Ujyoghmf,Marketing,Analyst,$80823,2017-06-26,Canada,California,Munich
506,Alweny,Dawgffqn,Finance,Analyst,$94289,2007-03-09,India,California,Munich
507,Swupcb,Kqkhbhxh,HR,Analyst,$96210,2016-09-12,USA,Maharashtra,Toronto
508,Fihsyt,Hruhypfk,Marketing,Coordinator,$52736,2007-01-06,UK,Bavaria,Pune
509,Usxzit,Tuhqjyky,HR,Executive,$73283,2012-04-22,USA,London,Toronto
510,Xfznnf,Zttqpfql,Engineering,Manager,$82041,2020-06-13,USA,California,San Francisco
511,Ooupkf,Scpzdupl,Engineering,Engineer,$95645,2002-04-28,Canada,Bavaria,Munich
512,Nfdmqb,Cshchwve,Sales,Engineer,$38384,2002-02-12,India,Maharashtra,Pune
513,Sahkff,Cqccxbak,HR,Engineer,$96470,2000-04-15,UK,Maharashtra,San Francisco
514,Ayarfc,Dinxdnxt,Finance,Manager,$72698,2010-07-26,UK,Ontario,San Francisco
515,Siuows,Vnxbsque,HR,Coordinator,$101219,2020-01-09,Germany,Ontario,San Francisco
516,Haczqx,Dzrkacvi,Engineering,Engineer,$70261,2006-06-22,India,London,Munich
517,Sbxdtj,Gwclthlo,HR,Analyst,$66257,2010-04-02,UK,Ontario,San Francisco
518,Exluww,Eapqdxep,Marketing,Analyst,$121261,2015-07-26,Germany,London,Munich
519,Qfrued,Olwpdfsc,Engineering,Coordinator,$64614,2011-07-11,Germany,Bavaria,London
520,Rcalcy,Jxyvvcmm,Sales,Manager,$117990,2002-02-25,Canada,Bavaria,Munich
521,Yicmzk,Xjcbcjdr,Finance,Executive,$99486,2021-04-24,India,Maharashtra,London
522,Xklfsx,Fvpfnkkx,Marketing,Executive,$67439,2007-05-01,India,London,Munich
523,Rqetpr,Iswaetrb,Engineering,Engineer,$95295,2013-01-25,Germany,London,Pune
524,Xisigl,Vqczennv,Marketing,Manager,$69864,2015-10-07,Canada,Maharashtra,Toronto
525,Qppmkb,Bdvirnri,Sales,Analyst,$95490,2019-11-25,USA,Ontario,Toronto
526,Wsteth,Kvvmiayi,Sales,Coordinator,$104020,2006-08-11,UK,California,Toronto
527,Gccuan,Dyxncwgc,Finance,Manager,$68405,2009-09-21,UK,California,Pune
528,Piwxcz,Wvxvqigk,Marketing,Executive,$43224,2013-10-15,India,California,Toronto
529,Chvkzv,Zdacwixq,HR,Coordinator,$143090,2011-12-14,India,California,Toronto
530,Elmudv,Fcvzmwwb,Engineering,Executive,$50597,2000-04-13,Canada,Ontario,San Francisco
531,Fcyxnb,Laskqsxz,HR,Manager,$49896,2013-07-28,Canada,California,San Francisco
532,Plgmno,Tesnozap,Engineering,Manager,$111085,2011-12-07,India,California,Toronto
533,Vnpeqh,Hcebdynk,Finance,Manager,$117772,2003-05-14,India,London,London
534,Utaidw,Vjdzlagc,Finance,Manager,$119480,2022-11-04,Germany,California,London
535,Wivgdl,Vtnjftte,HR,Coordinator,$103880,2008-10-21,USA,Bavaria,San Francisco
536,Bkbxbt,Ybmwuvau,Sales,Manager,$37000,2018-09-09,Canada,Maharashtra,Toronto
537,Lvwzyc,Xgesnmxg,Finance,Coordinator,$51189,2012-12-10,India,Ontario,San Francisco
538,Imvtbj,Sqjtoeqw,Sales,Manager,$111650,2007-09-17,Germany,London,London
539,Dzorzb,Shqojire,Marketing,Coordinator,$141886,2006-08-05,Germany,Maharashtra,Toronto
540,Yycive,Smqvvscj,Finance,Engineer,$117103,2003-11-28,USA,Maharashtra,Toronto
541,Sxgtni,Qanpqpne,Finance,Manager,$42604,2000-05-04,India,Ontario,Munich
542,Lwsdab,Xmrixdys,Sales,Coordinator,$66405,2022-06-14,India,Bavaria,London
543,Lliyhq,Kctxauzj,HR,Analyst,$123013,2007-01-26,Canada,Ontario,Toronto
544,Jerkwj,Pxrrecbf,Engineering,Engineer,$92019,2007-06-28,India,Bavaria,San Francisco
545,Lgwhst,Oeaqmgas,Finance,Coordinator,$91576,2003-04-28,Canada,Bavaria,San Francisco
546,Zsvbpv,Grttwgwz,Marketing,Engineer,$121392,2019-06-06,India,Ontario,London
547,Jkfuvu,Ahrqyayg,Engineering,Engineer,$120388,2012-06-19,USA,Ontario,Toronto
548,Gswfpq,Rnnfumzn,HR,Coordinator,$133878,2004-07-18,Canada,Maharashtra,Toronto
549,Niqcnz,Oilbofty,HR,Manager,$58006,2016-10-25,USA,London,London
550,Uxuxyb,Bprwswzu,Engineering,Executive,$115322,2005-01-16,Germany,California,London
551,Avszcf,Tesohgtz,Engineering,Executive,$50784,2021-02-07,Germany,California,Pune
552,Xjuxos,Swwgyimz,HR,Analyst,$31586,2023-07-13,USA,California,Munich
553,Pkuqgw,Bioxuzkh,Engineering,Engineer,$128652,2020-07-12,USA,London,San Francisco
554,Fvzxul,Mipilfna,Finance,Analyst,$77524,2003-11-13,USA,London,Toronto
555,Nypete,Hzrhheol,HR,Executive,$42382,2017-10-01,UK,California,Munich
556,Zendvs,Bibmegcg,Sales,Engineer,$95669,2006-07-03,Germany,Ontario,Munich
557,Txdwgb,Xrhavpjg,Engineering,Manager,$38428,2020-03-16,India,Ontario,Toronto
558,Qeaiol,Nbceioid,Engineering,Analyst,$130016,2022-08-06,UK,Maharashtra,San Francisco
559,Wycluw,Zgjsvspf,Marketing,Manager,$32906,2020-10-28,USA,California,London
560,Myemxu,Pcyvojqf,Sales,Analyst,$106569,2012-04-09,UK,Maharashtra,Munich
561,Anjikn,Pltdiwvd,Marketing,Executive,$53096,2018-05-14,UK,Bavaria,Pune
562,Rhilrc,Cjpnaxjf,Sales,Analyst,$120302,2005-04-09,Canada,California,Munich
563,Scxmic,Sxvhcysc,Sales,Analyst,$38784,2004-05-18,Germany,California,Toronto
564,Zcfnvu,Kfauvsxj,Sales,Coordinator,$48494,2004-06-11,UK,Bavaria,Munich
565,Jspbwi,Sxfpfpjb,Engineering,Coordinator,$140126,2014-03-01,USA,Ontario,San Francisco
566,Ciqwrk,Ykoacjsd,Finance,Analyst,$33434,2020-11-21,USA,Bavaria,San Francisco
567,Fhrngj,Uygehnlc,HR,Analyst,$132385,2017-04-10,USA,London,Pune
568,Alkpoa,Dmiicanm,Marketing,Coordinator,$125254,2017-05-14,Canada,Ontario,San Francisco
569,Uuzzpc,Sporntow,Sales,Manager,$31483,2008-06-03,India,London,Munich
570,Rgnghi,Hswakujz,Finance,Engineer,$144551,2023-05-05,Germany,California,Munich
571,Pbnmjo,Fweaxtjc,Sales,Coordinator,$141622,2000-09-01,UK,Bavaria,San Francisco
572,Sqgdgk,Wryapauk,Marketing,Analyst,$145344,2020-10-27,Germany,California,Munich
573,Nlpnyz,Cispmpjp,Marketing,Coordinator,$105199,2016-06-09,Canada,London,Munich
574,Ltkgbx,Efuecbdu,Engineering,Coordinator,$87462,2004-11-28,USA,London,Munich
575,Eayoyp,Ctdvfaep,Finance,Engineer,$60255,2012-02-18,Germany,Maharashtra,Pune
576,Rgwsfe,Rkxkuiyn,Sales,Engineer,$81131,2019-03-03,UK,Maharashtra,Munich
577,Pqvhpf,Clfqbbxj,Marketing,Engineer,$97743,2001-08-03,USA,London,Pune
578,Uewzms,Dsjjazok,Sales,Manager,$37764,2011-10-14,India,Maharashtra,Pune
579,Crgxxd,Poemislo,Finance,Manager,$37354,2017-07-10,Canada,Bavaria,San Francisco
580,Kfubrt,Jeqqpwee,Finance,Executive,$110220,2008-12-02,Germany,Bavaria,Pune
581,Glakex,Bdtbxjcv,Engineering,Manager,$68329,2017-07-16,Canada,Maharashtra,San Francisco
582,Vvrlww,Unkfiwch,HR,Analyst,$96988,2020-07-02,USA,Maharashtra,Munich
583,Gkhtxq,Mmgrdbox,Sales,Analyst,$116236,2005-08-28,USA,California,London
584,Afhguh,Dcykmcug,Sales,Coordinator,$52686,2003-09-04,India,California,Munich
585,Teevek,Momftjdl,Finance,Manager,$123342,2012-08-19,USA,California,Munich
586,Kzzgto,Sykqfhso,Sales,Engineer,$32525,2020-02-17,Germany,California,Pune
587,Sofbyb,Edyqfljy,Marketing,Manager,$120401,2005-04-22,UK,London,London
588,Wmjroy,Csybszmm,Finance,Engineer,$61747,2015-01-19,Canada,Ontario,San Francisco
589,Afaluo,Etusrsku,Finance,Manager,$102960,2012-06-26,Canada,Ontario,Toronto
590,Wtxlud,Bdbateti,Marketing,Manager,$148641,2009-02-19,Canada,Ontario,Munich
591,Ehronn,Ifezoooa,Finance,Coordinator,$136493,2013-01-18,India,Ontario,San Francisco
592,Usvgdv,Erevyapc,Engineering,Coordinator,$67388,2011-01-14,Canada,Bavaria,Pune
593,Mhnoio,Udqgitnw,HR,Manager,$52949,2012-10-26,Canada,Ontario,Pune
594,Waicap,Bllryizo,HR,Manager,$104261,2020-04-04,India,Maharashtra,Pune
595,Gjqoju,Elkomtpl,HR,Coordinator,$39852,2023-08-07,Germany,Bavaria,Munich
596,Hwqcef,Mwrlfneo,Finance,Engineer,$84028,2023-05-18,Canada,California,London
597,Wmqzqf,Hjtjhvip,Finance,Manager,$98977,2014-10-08,India,Bavaria,San Francisco
598,Wplgrb,Winkhkdw,Sales,Coordinator,$84243,2002-07-25,Germany,London,London
599,Bqufyp,Vszgabgi,Finance,Engineer,$62627,2020-04-25,Germany,London,Toronto
600,Pbplqu,Avuozdpy,Sales,Coordinator,$125577,2003-06-04,UK,California,Pune
601,Woryad,Aoaevkha,Sales,Manager,$124831,2014-06-13,India,California,Munich
602,Usqaky,Avvsjerq,Engineering,Manager,$30906,2007-07-02,Germany,Ontario,London
603,Titvwq,Sevvkcxr,Marketing,Analyst,$134428,2006-11-11,UK,Maharashtra,Pune
604,Zwkjfo,Kmsusozp,Sales,Engineer,$79715,2019-08-05,USA,Ontario,Toronto
605,Asbdhv,Bcvxbooq,Marketing,Analyst,$139729,2019-09-16,India,Ontario,London
606,Qugikb,Vluzatxx,HR,Manager,$74180,2008-11-15,India,Ontario,Munich
607,Wyouwo,Akefbypj,HR,Analyst,$84184,2007-06-14,Canada,Ontario,Toronto
608,Atdtjk,Nooyifdy,Finance,Coordinator,$49977,2011-07-10,UK,Bavaria,San Francisco
609,Xmcrqi,Ymkjjooo,Marketing,Manager,$71732,2007-07-10,Canada,California,London
610,Ojdoxc,Ebdacyws,Sales,Manager,$108676,2019-11-14,India,California,London
611,Anpxjg,Sgrlgjjv,Marketing,Coordinator,$50072,2002-08-20,UK,London,Toronto
612,Rgldkh,Pdfwwfco,HR,Analyst,$119896,2010-01-13,Germany,Ontario,Pune
613,Anqgvj,Zczbnzjt,Engineering,Executive,$139050,2011-06-20,India,London,San Francisco
614,Cayzme,Nkvvwdib,HR,Analyst,$128171,2013-03-07,USA,London,London
615,Btsqgy,Hrsctyrg,Sales,Analyst,$32531,2011-04-13,USA,California,San Francisco
616,Jbbgss,Frlfthxe,Sales,Analyst,$51246,2017-08-02,USA,Maharashtra,Pune
617,Rztfnv,Figxntji,Engineering,Coordinator,$42544,2013-03-03,Canada,Ontario,London
618,Apgqdc,Ljgwkkvw,Sales,Executive,$31277,2012-07-25,UK,Ontario,London
619,Sbheta,Nylsykqg,Sales,Manager,$113884,2019-08-14,India,Maharashtra,London
620,Wqhfnm,Pthosypa,HR,Coordinator,$84012,2016-07-01,Germany,London,Toronto
621,Oaevcw,Ducickyu,Marketing,Coordinator,$64559,2000-04-26,USA,Ontario,Munich
622,Lenlyi,Hlacurdy,HR,Engineer,$112498,2007-08-12,USA,Bavaria,London
623,Wytuio,Dyetstxl,Marketing,Executive,$67967,2010-12-17,UK,California,San Francisco
624,Znkdty,Osoywyvj,Finance,Coordinator,$144751,2001-03-16,Canada,Maharashtra,Pune
625,Jvygnf,Iipumblf,Marketing,Analyst,$67921,2012-12-20,Canada,Maharashtra,San Francisco
626,Ubhdhh,Oshlhins,Sales,Analyst,$44902,2010-04-15,USA,Bavaria,Pune
627,Ujuctl,Iktwnvgs,Engineering,Manager,$110600,2013-07-15,Germany,London,Pune
628,Awdtpo,Rmhrkhtb,HR,Coordinator,$104468,2011-11-03,India,London,Munich
629,Eptjii,Eluagyua,Engineering,Analyst,$113152,2017-08-08,UK,Ontario,London
630,Wtwwia,Aytysqbu,Sales,Analyst,$66208,2008-10-22,Germany,Maharashtra,London
631,Kfuxpx,Jvrjyotm,HR,Executive,$39971,2021-03-27,Germany,Maharashtra,Munich
632,Tuezpd,Llktiuzl,Marketing,Manager,$113202,2018-01-24,UK,Maharashtra,London
633,Copvvj,Vpnoerol,Sales,Analyst,$62923,2004-02-03,Canada,Maharashtra,Pune
634,Ahlwto,Bcixmcpx,HR,Executive,$112284,2019-01-05,UK,London,London
635,Acyvmw,Mlgiwmrb,Finance,Manager,$135226,2003-03-24,Germany,California,Munich
636,Wmbksf,Wriwbdsk,Marketing,Engineer,$44963,2017-04-22,Germany,California,Toronto
637,Znhwia,Qzpxubmm,HR,Manager,$71887,2019-04-19,Canada,Maharashtra,London
638,Messwr,Uojagmqt,Engineering,Executive,$78577,2001-07-26,USA,Maharashtra,Pune
639,Eteans,Dccitkae,Marketing,Executive,$94563,2022-09-06,USA,Maharashtra,Toronto
640,Iljpqo,Uefglgdu,Finance,Engineer,$49912,2023-02-10,India,California,Munich
641,Svotnz,Pygojfuk,Engineering,Executive,$32481,2019-02-19,UK,Maharashtra,San Francisco
642,Admdph,Njcsqtyq,HR,Coordinator,$110853,2015-09-08,USA,Bavaria,San Francisco
643,Nhflbj,Wnbalgip,Sales,Engineer,$113981,2008-10-26,Germany,London,Toronto
644,Htykkt,Vfynjpio,Marketing,Engineer,$117459,2022-12-14,Canada,California,San Francisco
645,Kovmnx,Lvygrvrp,Marketing,Executive,$66116,2010-12-05,Germany,Ontario,Munich
646,Haghhx,Ciydcejg,Sales,Analyst,$84067,2013-09-02,Germany,California,Toronto
647,Xekeua,Knsoowip,Marketing,Coordinator,$110521,2015-12-03,UK,Maharashtra,San Francisco
648,Wccnwf,Jfnibicz,Marketing,Coordinator,$130732,2021-09-18,Germany,Maharashtra,Pune
649,Xsywdl,Agjdnrvv,Marketing,Coordinator,$125074,2016-03-19,Canada,Maharashtra,Pune
650,Ziliwz,Ziaaqztr,Sales,Engineer,$77521,2016-04-17,UK,London,Pune
651,Apjxcu,Qqjibjic,HR,Engineer,$118755,2013-10-01,India,California,London
652,Rvqcam,Jepfgqxn,Finance,Manager,$128608,2009-11-20,USA,Bavaria,San Francisco
653,Vwnclk,Tceiibmr,Finance,Executive,$43697,2020-06-08,UK,Bavaria,Toronto
654,Wojwkz,Cvsufkhs,Finance,Coordinator,$129924,2008-09-18,Canada,Bavaria,London
655,Tbouhf,Axsdzlid,Finance,Coordinator,$34402,2015-08-05,UK,Bavaria,Pune
656,Kjgdmu,Hqwpbcpf,HR,Analyst,$94930,2006-04-07,India,Bavaria,London
657,Wybqye,Cmtcgqqb,Finance,Manager,$118879,2011-03-05,UK,Maharashtra,Pune
658,Kjqdxy,Lqipvcld,Sales,Manager,$131696,2020-11-22,UK,Ontario,Pune
659,Liwlvm,Khppcnwg,HR,Coordinator,$137784,2012-10-02,Germany,California,San Francisco
660,Gnqyae,Nfiiolfh,Sales,Analyst,$118421,2005-09-28,Canada,Bavaria,Pune
661,Dcrpcc,Simroeoj,Finance,Manager,$37527,2002-02-20,India,Ontario,London
662,Itbzuk,Fkbqikgi,Engineering,Coordinator,$51560,2012-09-24,USA,London,Pune
663,Gmbvuh,Fxsomexh,Sales,Analyst,$47273,2014-05-21,Germany,California,London
664,Xsylko,Vbaesmdf,Engineering,Executive,$75353,2013-12-17,Germany,London,Pune
665,Ncxqfq,Ddtwrbyt,Marketing,Analyst,$135722,2014-02-16,Germany,London,London
666,Onumjx,Vtzedqjy,HR,Coordinator,$85066,2010-06-15,Germany,Bavaria,Pune
667,Rejfkw,Zmwqzwpk,Marketing,Engineer,$97499,2005-09-14,Canada,London,London
668,Fnrccl,Juhpwsxn,Marketing,Analyst,$124885,2006-06-17,UK,California,Toronto
669,Djppbs,Tfskvffc,HR,Analyst,$117983,2016-06-09,India,Bavaria,Toronto
670,Hcczdl,Eacelydo,Sales,Executive,$141150,2013-10-28,USA,London,Munich
671,Tbsibb,Dvmkghdx,Engineering,Engineer,$56586,2001-10-01,India,Bavaria,London
672,Difonk,Giztwxzm,Finance,Manager,$48824,2005-06-18,USA,London,Munich
673,Cptpol,Hqlklpuw,Marketing,Coordinator,$102937,2000-06-02,Germany,London,Pune
674,Vebzwr,Viqqrult,Marketing,Executive,$123614,2017-02-21,Canada,London,London
675,Zexbda,Tgxxfvul,Engineering,Manager,$47148,2019-06-10,Canada,California,San Francisco
676,Sntjzs,Lkcottha,HR,Executive,$127810,2014-02-06,UK,Bavaria,Pune
677,Mbwphd,Ffsigoym,HR,Coordinator,$45164,2001-10-11,India,California,Munich
678,Gnswtg,Ykmzflmy,Finance,Manager,$39390,2012-01-03,UK,Ontario,Munich
679,Mylkef,Zlvsspcq,Engineering,Manager,$30161,2003-07-08,Germany,Ontario,Pune
680,Goluaa,Ddjifmhr,Engineering,Executive,$143372,2016-12-08,India,California,Toronto
681,Oekvzl,Nujtfrhv,Marketing,Manager,$32339,2006-12-02,Canada,Ontario,London
682,Fuftwd,Wdxmwotg,Marketing,Coordinator,$64523,2020-10-14,India,Ontario,Toronto
683,Alstnj,Mfnytjfz,Engineering,Engineer,$137867,2023-08-24,USA,Maharashtra,Munich
684,Dfcqvx,Gpglrelu,Sales,Engineer,$68467,2020-03-07,Canada,Ontario,San Francisco
685,Mwweif,Coyrlmmk,HR,Executive,$79034,2012-05-03,USA,Ontario,Pune
686,Jeqgqu,Lcwxpfou,Finance,Executive,$78177,2019-10-01,India,Maharashtra,Pune
687,Lcapcl,Ljxnsofc,Marketing,Coordinator,$107344,2011-09-10,USA,Maharashtra,Toronto
688,Lqptkb,Cbculplq,Marketing,Analyst,$79240,2009-03-09,Canada,Ontario,Toronto
689,Jeaavc,Dhosmjic,Sales,Executive,$113954,2020-10-20,UK,Ontario,Toronto
690,Hkigcr,Kadgnpmy,Finance,Coordinator,$42066,2013-11-16,India,Bavaria,Pune
691,Iytspz,Xjsutwxw,Marketing,Coordinator,$140630,2003-12-08,India,Bavaria,London
692,Kktcxc,Jgcjyvud,Sales,Engineer,$138482,2007-01-08,USA,Maharashtra,Munich
693,Exvkmc,Pgymwzlr,Marketing,Coordinator,$44125,2022-05-03,UK,Maharashtra,Pune
694,Vdaoxb,Sqniwcco,Sales,Executive,$92814,2011-08-09,India,London,Munich
695,Gzgawk,Opztwani,Engineering,Coordinator,$129984,2023-06-12,Germany,Maharashtra,Pune
696,Ryimia,Bdiwfyuk,Marketing,Executive,$76118,2003-08-04,USA,Bavaria,Pune
697,Hdsnjt,Rwddmmgg,Sales,Manager,$75204,2015-05-20,UK,London,Pune
698,Hwcqav,Ftgqywfx,Engineering,Analyst,$60010,2012-01-16,India,Bavaria,Toronto
699,Pkznmf,Segwhevt,Sales,Manager,$42589,2003-09-16,India,London,Toronto
700,Cftlhx,Rycrzmsn,Sales,Executive,$42665,2015-11-22,Canada,London,Pune
701,Lxlkhl,Tcbcliwu,Engineering,Coordinator,$124294,2017-03-03,India,Maharashtra,Munich
702,Kfcdwt,Llpecoab,Finance,Executive,$102895,2019-04-20,India,London,Pune
703,Ezdpii,Bwboecjt,Marketing,Analyst,$74577,2009-01-28,India,Bavaria,San Francisco
704,Zyzcrx,Nvdeepoh,Finance,Engineer,$31374,2007-09-18,Germany,Ontario,Munich
705,Ydrjtp,Qyteihdu,Sales,Analyst,$109967,2007-11-06,USA,Bavaria,Toronto
706,Oufntl,Fokzgbsp,Engineering,Manager,$121123,2022-06-15,Germany,Maharashtra,London
707,Vwnbfn,Dzsjejlh,Sales,Engineer,$98205,2022-05-02,India,California,Toronto
708,Vysecj,Devzqjgs,Engineering,Executive,$140096,2001-02-18,UK,California,Munich
709,Olewpt,Uyepylre,Engineering,Executive,$91714,2020-10-25,Germany,Maharashtra,Pune
710,Rqixrh,Mfpbdafb,Finance,Manager,$139196,2019-07-10,Canada,Maharashtra,Pune
711,Duyrmb,Izaxklcr,Finance,Engineer,$137445,2019-05-06,UK,Maharashtra,Toronto
712,Isiqyc,Mbgscsdk,Engineering,Executive,$134209,2011-10-28,India,Ontario,Munich
713,Afgerv,Fbwrmzhh,Sales,Engineer,$76416,2012-10-11,UK,Bavaria,London
714,Cntzeu,Dziclnzk,HR,Analyst,$60929,2010-06-05,UK,Ontario,London
715,Fywbeo,Apnwlrog,Marketing,Coordinator,$100937,2011-06-16,USA,London,San Francisco
716,Vzmpjm,Ujoczsjj,Finance,Engineer,$90827,2014-07-07,USA,California,Munich
717,Iaomjp,Jbfkmzhv,Engineering,Analyst,$63617,2004-01-14,India,Bavaria,Munich
718,Dgysjc,Gscrbhxx,Sales,Analyst,$72529,2010-07-24,Germany,London,San Francisco
719,Xvvfse,Llqqfreu,HR,Executive,$134211,2018-04-17,Germany,London,Toronto
720,Ulokxh,Zozqkhsq,Finance,Executive,$86235,2015-12-16,Canada,California,Munich
721,Ifqyvo,Lnunfriu,HR,Analyst,$81676,2008-11-27,India,Bavaria,Toronto
722,Kcexkc,Tvetcutt,Sales,Manager,$42615,2019-02-11,India,Ontario,San Francisco
723,Hzrjje,Khezkhbl,Marketing,Coordinator,$134297,2011-01-24,Canada,California,Toronto
724,Tulpkk,Caclhebk,Finance,Engineer,$90231,2003-10-13,India,Bavaria,Munich
725,Idbfcs,Ifzzxkuw,Marketing,Analyst,$73262,2005-11-09,Germany,London,San Francisco
726,Ibpvke,Rqjhhsxp,Sales,Manager,$90514,2003-06-26,USA,Maharashtra,Munich
727,Bmtmoh,Salhabqi,Finance,Manager,$147202,2022-08-25,Germany,Maharashtra,Munich
728,Yfslfs,Etxryqtf,Sales,Executive,$132164,2023-06-27,Canada,California,San Francisco
729,Istkgq,Pkopqiox,Marketing,Engineer,$124693,2010-07-16,UK,Maharashtra,San Francisco
730,Slfqgo,Lpzibgiy,Sales,Engineer,$92757,2015-03-15,USA,Bavaria,London
731,Tgtcya,Wmpouwqs,Engineering,Manager,$132469,2008-06-26,Germany,Maharashtra,Toronto
732,Mipqus,Whrruivm,Marketing,Analyst,$71051,2015-04-23,Germany,Maharashtra,Toronto
733,Xhxshm,Upwnmraj,HR,Coordinator,$56553,2022-12-28,UK,Ontario,Pune
734,Qhbbal,Iiqiiqxq,Finance,Manager,$33971,2005-09-01,USA,Maharashtra,Pune
735,Rmgrku,Cdbuhiqx,Engineering,Coordinator,$112332,2018-07-11,Germany,London,Pune
736,Xmjyht,Kspgjzua,Marketing,Executive,$113855,2008-07-01,USA,Maharashtra,San Francisco
737,Whrtib,Hginttqy,HR,Manager,$125782,2003-05-21,Germany,Maharashtra,San Francisco
738,Zzkfbi,Xgxctvxs,Marketing,Executive,$99882,2001-05-11,India,Bavaria,Pune
739,Lfeyeh,Fjcbqycq,Engineering,Executive,$42542,2002-04-09,India,London,San Francisco
740,Rmlcwl,Ykjrqhuf,Marketing,Manager,$77344,2021-09-20,India,Maharashtra,Toronto
741,Udeoph,Csgigaty,Sales,Coordinator,$105921,2005-02-11,India,California,Munich
742,Ssugwv,Tprqbjzt,Marketing,Executive,$72681,2001-04-12,UK,London,London
743,Tacpyt,Xplhtjoa,Finance,Engineer,$61814,2019-12-10,UK,Bavaria,Munich
744,Eichvz,Viuzvrql,Marketing,Manager,$53968,2021-09-06,Germany,California,Munich
745,Wsxsvs,Blfioutg,HR,Analyst,$104006,2017-09-15,Germany,Bavaria,Toronto
746,Yjezsf,Lndfbblg,Marketing,Executive,$119416,2018-10-25,Canada,Ontario,San Francisco
747,Ojsfyo,Gslawcxs,Sales,Coordinator,$77208,2019-07-10,Germany,Bavaria,London
748,Psgohj,Zqefilts,Engineering,Executive,$149238,2002-03-25,Canada,London,Munich
749,Nwogqj,Ypaowohl,Finance,Executive,$101983,2016-02-01,Canada,Bavaria,Toronto
750,Vfqkcw,Tujjiwmk,Marketing,Engineer,$37536,2004-10-25,USA,Ontario,Munich
751,Aeffpp,Klzvvnbi,Finance,Executive,$51018,2006-09-05,Germany,Ontario,San Francisco
752,Osvtut,Sbtizciu,HR,Engineer,$32334,2008-08-20,India,Bavaria,Munich
753,Cytktu,Hiwvjsri,Engineering,Engineer,$80906,2016-05-20,USA,Bavaria,London
754,Sgvaig,Upfeytbj,Marketing,Executive,$76598,2005-08-10,Germany,California,San Francisco
755,Sdncsk,Mreaedmv,Engineering,Analyst,$31624,2017-02-05,Germany,Bavaria,San Francisco
756,Ixsdrx,Erjcthiy,HR,Coordinator,$85850,2011-11-26,USA,Maharashtra,London
757,Fezrhp,Yrmpnocm,Engineering,Analyst,$47163,2001-02-14,USA,Maharashtra,London
758,Ongwcm,Eulfbttc,Finance,Engineer,$64320,2011-11-05,India,Ontario,Munich
759,Hjwooz,Rwyhluta,Engineering,Engineer,$144844,2009-06-06,Germany,Bavaria,Toronto
760,Asdnci,Sozlrzel,Engineering,Coordinator,$98248,2015-09-13,UK,Bavaria,Munich
761,Syifui,Utieqhdr,Marketing,Analyst,$49202,2006-06-18,Canada,Bavaria,London
762,Yfpaju,Rsokgwst,Sales,Engineer,$145320,2002-08-18,India,California,London
763,Ueehva,Mmuuopem,Finance,Engineer,$65008,2010-05-02,USA,Ontario,London
764,Pkvuhi,Bqdeanyg,HR,Engineer,$55285,2022-10-02,Germany,London,Munich
765,Mbmhlc,Nocxzgvb,Engineering,Analyst,$129811,2000-07-16,USA,London,Pune
766,Krulxc,Neuhecrx,Sales,Engineer,$51868,2013-03-22,Germany,Bavaria,Pune
767,Fvoiwx,Swjltipa,Engineering,Manager,$96087,2000-03-04,India,London,San Francisco
768,Ddzanl,Qruuklmj,Finance,Analyst,$129666,2007-01-28,USA,London,San Francisco
769,Pwdigp,Idrzdyau,Marketing,Engineer,$51234,2015-03-20,USA,Ontario,Pune
770,Pvsoua,Ftfqngnz,HR,Coordinator,$87069,2001-01-26,USA,Ontario,Munich
771,Qonsbt,Ftfaxouw,Sales,Engineer,$45252,2006-07-07,Canada,California,Toronto
772,Vuibzi,Tgludqjw,Marketing,Manager,$149758,2021-03-17,UK,Bavaria,Toronto
773,Ggssgg,Ycewowdh,Engineering,Engineer,$121860,2003-05-22,USA,Bavaria,London
774,Shvepa,Dwpochse,Finance,Analyst,$144175,2002-10-12,India,London,San Francisco
775,Spsabk,Igvosezi,Engineering,Executive,$137420,2007-02-10,Germany,Bavaria,San Francisco
776,Ehgzsx,Ozwhjqvn,Finance,Engineer,$84414,2012-06-18,Germany,Bavaria,Munich
777,Vjvwym,Baegfcbk,Marketing,Manager,$53261,2007-05-14,India,London,Pune
778,Cjzdhr,Suemzmwy,Finance,Analyst,$93228,2021-08-08,India,Ontario,Munich
779,Yohxai,Oeyuvxrx,Engineering,Coordinator,$128607,2013-02-16,USA,Maharashtra,Toronto
780,Fpoegu,Akfrrtxj,Sales,Executive,$116352,2020-10-12,USA,Ontario,London
781,Igvsqy,Gmfeqtna,Engineering,Manager,$98878,2022-07-25,Germany,Ontario,Munich
782,Eilkkv,Hnruvhnz,Marketing,Manager,$146532,2018-07-05,India,Maharashtra,San Francisco
783,Yfvzre,Yiplzlut,Sales,Engineer,$60655,2006-01-06,India,London,Toronto
784,Ihwudv,Yanvrlml,Engineering,Engineer,$77552,2021-05-18,UK,Ontario,London
785,Ippith,Zscspfcs,Engineering,Executive,$135896,2022-10-28,India,Maharashtra,Munich
786,Trtdzk,Fkeebwkr,Engineering,Analyst,$143102,2015-06-22,USA,Ontario,London
787,Rsadan,Kkuzgway,HR,Coordinator,$35692,2017-03-15,Germany,California,Munich
788,Gwezqf,Rzjpebwk,Marketing,Coordinator,$86947,2008-02-14,USA,London,Toronto
789,Hovzbn,Uaewshyu,HR,Executive,$107409,2001-03-28,USA,Bavaria,London
790,Xfrbgk,Cwslmpaa,HR,Analyst,$132932,2005-10-03,Canada,California,San Francisco
791,Lssxpf,Miilcunh,Marketing,Executive,$107766,2016-07-25,UK,California,Munich
792,Mbczbr,Nxfhharn,Engineering,Executive,$112127,2014-08-20,UK,Bavaria,Munich
793,Bglruk,Ozqoptml,Engineering,Analyst,$79543,2005-02-02,USA,Bavaria,Munich
794,Gflkvn,Jyinfccl,HR,Coordinator,$100002,2009-10-12,USA,Bavaria,Pune
795,Sxpmkx,Lexioeqi,Marketing,Executive,$78157,2007-11-07,Germany,Maharashtra,San Francisco
796,Logecl,Htsdimil,Engineering,Coordinator,$121754,2000-04-15,India,London,San Francisco
797,Mdtrle,Dbtfjdwe,HR,Coordinator,$32789,2014-08-23,Canada,London,Pune
798,Qordqt,Uujmlcta,Sales,Engineer,$41608,2018-02-22,Canada,Bavaria,London
799,Awbnwh,Uifyvxxw,Finance,Analyst,$116125,2017-05-19,USA,London,San Francisco
800,Wcpyan,Yhnxkkku,Engineering,Executive,$95538,2005-04-03,India,Bavaria,San Francisco
801,Dydzjn,Kndmuejk,Sales,Executive,$109653,2015-08-14,Canada,Bavaria,San Francisco
802,Waitxb,Ayraeuwj,Sales,Manager,$84022,2004-09-10,UK,Bavaria,San Francisco
803,Mnscma,Wxisiwrw,Marketing,Analyst,$72360,2021-08-10,Canada,Ontario,Munich
804,Lnwqws,Towyxwlb,HR,Engineer,$122870,2017-01-08,UK,Maharashtra,San Francisco
805,Morjwn,Gcjgzxdr,HR,Engineer,$130351,2009-05-03,UK,Ontario,Munich
806,Rfoenc,Hmduuljy,Engineering,Coordinator,$138090,2009-06-05,Canada,Maharashtra,Munich
807,Fgofuy,Petpbcxr,Finance,Manager,$113690,2007-07-02,Germany,London,Toronto
808,Uichxr,Fvvosikf,Finance,Manager,$47637,2013-01-16,Germany,California,San Francisco
809,Jtnjws,Rlylbwlg,Finance,Manager,$109735,2019-09-21,India,California,Munich
810,Jnvqwz,Nkgwbazu,Engineering,Executive,$108398,2002-01-18,India,Ontario,London
811,Trkytv,Bopsujfe,HR,Engineer,$51450,2020-03-18,USA,Bavaria,Toronto
812,Qsnyjj,Mzmgkqka,Sales,Analyst,$135577,2002-05-17,Canada,Bavaria,London
813,Leuqrj,Kssaatvd,Sales,Analyst,$88076,2015-10-23,USA,Ontario,Toronto
814,Wqqekz,Jqgjrvit,HR,Executive,$36677,2008-03-08,Germany,Ontario,Toronto
815,Pztpyn,Ixkommds,Finance,Engineer,$139768,2007-06-16,Canada,Bavaria,Munich
816,Veumee,Qklhxftv,Engineering,Manager,$41843,2008-12-23,UK,Maharashtra,Munich
817,Rzlpis,Etnkisxe,HR,Engineer,$148348,2016-07-11,India,Bavaria,Pune
818,Xvgjpc,Hqvwwwuf,Engineering,Coordinator,$58974,2020-06-15,India,Ontario,London
819,Zthcip,Yedxfhyc,Sales,Coordinator,$96409,2019-01-05,USA,Ontario,San Francisco
820,Anwhvb,Xmqylczj,Sales,Executive,$141291,2009-02-09,Germany,Ontario,London
821,Dyqxkt,Yyqdzech,Sales,Manager,$46664,2020-11-13,Canada,Maharashtra,San Francisco
822,Sysfmk,Boztmvqu,Finance,Engineer,$106680,2010-06-06,USA,California,San Francisco
823,Ktyult,Acpvcfwc,Engineering,Manager,$36856,2000-08-09,Canada,California,Munich
824,Kjpjdf,Ghzwhlxy,HR,Engineer,$60344,2007-01-01,UK,Bavaria,Pune
825,Ykucqv,Vqielngi,HR,Coordinator,$32434,2013-08-24,USA,California,London
826,Kdknay,Uwedlser,Engineering,Coordinator,$43601,2015-11-17,UK,California,London
827,Xndpkf,Rqqkuacv,HR,Analyst,$130543,2022-08-27,USA,London,London
828,Pcyihe,Yshpkcsa,Engineering,Analyst,$98474,2017-09-04,Canada,Ontario,Pune
829,Dqrste,Cqyxevac,Finance,Coordinator,$136075,2003-11-03,India,Bavaria,Toronto
830,Jshuav,Rtwvuyje,HR,Executive,$107149,2004-05-14,USA,Bavaria,Pune
831,Xrhocg,Jifluivr,Sales,Engineer,$69017,2023-11-21,Germany,California,London
832,Bsiiug,Fopjivjm,Engineering,Analyst,$47289,2023-08-11,Canada,Ontario,London
833,Xwgmve,Pdylgzcl,Finance,Coordinator,$42933,2020-11-04,USA,London,San Francisco
834,Arsquw,Sqmzuyey,Finance,Engineer,$73622,2000-07-26,Canada,Maharashtra,Munich
835,Hqbxxf,Rlwstynt,Finance,Engineer,$136508,2015-08-16,USA,London,London
836,Ynfbgq,Jssexmys,Marketing,Engineer,$124180,2014-03-18,Germany,Ontario,Munich
837,Wyzyiy,Ezwqezrm,Sales,Manager,$71141,2016-02-03,Canada,London,Munich
838,Zuypyy,Hvjqadvx,HR,Manager,$91544,2022-05-22,UK,California,Munich
839,Mmsdoh,Fawgdykf,Engineering,Engineer,$77106,2016-07-14,UK,London,Munich
840,Qzcywe,Dqlnemik,Marketing,Analyst,$117648,2012-05-15,USA,Bavaria,San Francisco
841,Pcnkyj,Qyfctugt,Marketing,Analyst,$63085,2016-04-03,USA,California,Munich
842,Uordaz,Fklsaygd,Finance,Coordinator,$143912,2001-06-17,Germany,California,Toronto
843,Paqqkz,Qvjwxsbq,Engineering,Executive,$85301,2013-09-04,USA,Bavaria,Munich
844,Xcilhi,Wwevqcid,Marketing,Analyst,$74071,2022-08-26,UK,Bavaria,Munich
845,Rpjqxb,Tggxhppn,Marketing,Executive,$145945,2002-10-03,Canada,London,Munich
846,Layphr,Sieyuzti,Marketing,Manager,$139834,2011-05-05,Germany,Ontario,San Francisco
847,Snufqu,Xklyvxtl,Sales,Manager,$72028,2022-12-04,Germany,Ontario,Pune
848,Shfsya,Bucmjawb,Sales,Coordinator,$72593,2002-10-12,Germany,London,Munich
849,Ibqwnc,Zrvkjqgw,Engineering,Coordinator,$126591,2006-11-16,Germany,California,Munich
850,Pevgis,Sywcuvun,Marketing,Executive,$80262,2017-02-14,UK,Maharashtra,Munich
851,Uewlnr,Migfjkce,HR,Executive,$99548,2014-01-26,Canada,California,London
852,Htvber,Abdxjdnj,HR,Engineer,$110507,2023-04-21,UK,California,Toronto
853,Batyng,Xfamkuyn,Sales,Engineer,$57694,2007-04-26,UK,London,London
854,Ampqkj,Rplkybco,Finance,Coordinator,$126969,2012-09-12,USA,Maharashtra,London
855,Ieeodn,Mdklikuz,Finance,Analyst,$101019,2023-02-17,Germany,California,Munich
856,Utimdj,Xzhsouly,Marketing,Analyst,$118245,2017-06-23,India,London,London
857,Gdcaer,Lkeviwjc,Engineering,Executive,$76724,2021-06-28,Canada,Ontario,London
858,Npgerk,Uycaawkz,Sales,Engineer,$113599,2019-04-26,India,London,San Francisco
859,Wkzhgt,Ickzefok,Marketing,Engineer,$63586,2017-07-17,Germany,Ontario,Toronto
860,Sculjd,Zkovivaw,Finance,Coordinator,$50564,2023-09-03,India,Maharashtra,San Francisco
861,Jrrptp,Gkflenkf,Engineering,Engineer,$58397,2019-08-05,USA,Bavaria,London
862,Utwnjp,Dysqbrxe,Finance,Coordinator,$89684,2007-11-15,Germany,California,San Francisco
863,Lhvhuz,Etrxcshy,Engineering,Engineer,$61471,2023-05-08,India,Maharashtra,London
864,Lbwfkf,Fbsxotjn,Engineering,Engineer,$114653,2011-04-06,UK,California,London
865,Vbybrq,Xzggrlab,Marketing,Manager,$145980,2010-10-05,Germany,California,San Francisco
866,Xvmjhl,Iizusxml,Engineering,Executive,$110467,2009-12-18,USA,California,Pune
867,Ltvazv,Nhnuzzoz,Sales,Manager,$92996,2000-01-06,USA,California,London
868,Fzhfdf,Gsbbtlda,Engineering,Engineer,$73698,2023-12-28,UK,Bavaria,Pune
869,Rdcbyg,Szlfchuh,Engineering,Analyst,$69658,2017-10-10,India,Ontario,Toronto
870,Rotbmw,Bspqpjca,HR,Analyst,$109245,2008-12-19,Germany,Maharashtra,Munich
871,Wygxmc,Zqjspcol,Sales,Executive,$40607,2006-09-26,USA,Maharashtra,Pune
872,Mppeqd,Lkyugmkc,Marketing,Manager,$92423,2023-05-11,Canada,Maharashtra,Toronto
873,Zilvha,Gmujsdol,Sales,Analyst,$139255,2003-07-21,Canada,California,London
874,Pxwsqo,Qrtbtqut,Marketing,Engineer,$56234,2018-07-10,Germany,London,San Francisco
875,Ydvgtl,Acmtbros,Sales,Executive,$93444,2006-04-27,India,California,San Francisco
876,Zqdjga,Yopzwyom,Finance,Coordinator,$141683,2016-06-13,India,Bavaria,Pune
877,Frtayz,Czwcnajx,Sales,Executive,$68953,2001-12-21,India,Maharashtra,Toronto
878,Gfoxhp,Lwsvorww,Marketing,Coordinator,$66236,2012-11-04,Canada,Maharashtra,San Francisco
879,Bsxapc,Qqkpmyng,HR,Executive,$110218,2021-05-21,USA,California,Munich
880,Zjrdne,Djbsjcdc,HR,Executive,$69240,2010-10-08,USA,London,London
881,Itzwpb,Ntttgsoj,Marketing,Engineer,$111734,2019-01-18,Canada,Ontario,Toronto
882,Sgrsuc,Ysunztnw,Sales,Analyst,$65414,2010-10-28,Germany,California,London
883,Sudsck,Ikojovta,Finance,Analyst,$128128,2001-11-02,Germany,Maharashtra,London
884,Bonzyf,Nvkpalsx,Sales,Engineer,$145606,2023-10-12,Canada,Bavaria,Munich
885,Ewovqo,Ilxuvrrn,Finance,Analyst,$66403,2023-02-05,USA,Bavaria,London
886,Vxvqfd,Uxpqsoka,Sales,Executive,$72131,2019-12-20,UK,Maharashtra,Toronto
887,Tfghvf,Mcxhjgbl,Finance,Coordinator,$119178,2012-10-15,USA,Maharashtra,Pune
888,Vjuynp,Izxbpgga,Finance,Executive,$32049,2016-03-16,Canada,California,Toronto
889,Rgucka,Fvvsohhy,Marketing,Executive,$74358,2007-01-25,Canada,Ontario,London
890,Zffbvv,Idiwvpsa,Engineering,Engineer,$88256,2014-04-27,UK,Ontario,San Francisco
891,Dcgoev,Numhlvrg,HR,Executive,$64959,2002-11-07,India,California,London
892,Ljjtjl,Xcgevbnv,Sales,Analyst,$43535,2000-06-14,Canada,Bavaria,Toronto
893,Pyeixm,Mrsltvjo,Marketing,Executive,$131668,2018-06-09,Canada,London,London
894,Qrlsyk,Jycotzbh,Sales,Analyst,$108176,2000-01-17,USA,Ontario,Munich
895,Kfegbx,Hkpxasvc,HR,Coordinator,$71587,2018-11-04,UK,California,Munich
896,Kdmaah,Fgiprjhx,HR,Manager,$74169,2023-03-28,India,Bavaria,London
897,Ezkgay,Mlfgpbvz,Finance,Coordinator,$116956,2016-07-20,India,London,Pune
898,Phrupe,Crqyidhn,Marketing,Manager,$50062,2004-05-28,Canada,London,Munich
899,Qlbxme,Pcghhgxc,Sales,Coordinator,$77327,2015-01-20,India,California,London
900,Vztvyv,Cqwhnlls,HR,Executive,$106243,2023-09-04,Canada,Ontario,London
901,Affoby,Ztokicso,Sales,Engineer,$142156,2012-07-25,UK,California,Munich
902,Oizwph,Pbljoaba,HR,Executive,$131047,2016-11-02,India,Ontario,Toronto
903,Ymwixh,Jmtylqur,Sales,Coordinator,$37753,2001-04-14,UK,Maharashtra,Toronto
904,Qzgdfv,Arlqhpec,Engineering,Coordinator,$136682,2022-08-18,India,California,San Francisco
905,Eppwpa,Bvlfygvs,Finance,Executive,$30749,2011-02-01,India,Ontario,Munich
906,Pzkhrf,Wnlqaqxy,Marketing,Analyst,$114368,2022-04-04,USA,Maharashtra,Pune
907,Fcvzyt,Fztikljr,HR,Manager,$149268,2012-07-03,USA,Bavaria,San Francisco
908,Awleur,Ywspvrrv,Finance,Manager,$53558,2013-02-11,Germany,California,London
909,Bkxhnz,Alnatjlu,Marketing,Analyst,$121928,2000-03-16,Germany,London,Munich
910,Dclyhb,Pwxjpioc,Engineering,Executive,$65533,2012-04-12,UK,London,London
911,Owydtm,Fisziacb,Engineering,Manager,$111304,2002-01-21,Germany,Bavaria,Toronto
912,Jqdqyn,Jjlrcaij,Finance,Executive,$87019,2008-11-01,Germany,Bavaria,London
913,Lewbbf,Ichvdwlv,Sales,Executive,$38816,2018-05-11,Germany,Ontario,London
914,Fraewx,Nkgexxoj,HR,Coordinator,$101919,2011-10-11,UK,Maharashtra,London
915,Zjfeib,Lemwpjpe,Sales,Engineer,$130530,2002-12-15,Canada,Bavaria,Toronto
916,Wrpkly,Ztlxbozx,Finance,Manager,$57651,2009-09-24,UK,Maharashtra,San Francisco
917,Kdbazj,Jpcttyqj,Marketing,Engineer,$144917,2014-07-05,Germany,London,Pune
918,Qgaaao,Porngqmc,Marketing,Analyst,$89722,2018-01-22,Canada,California,Pune
919,Ybztzy,Scdhorxr,HR,Analyst,$111774,2021-06-09,Germany,California,San Francisco
920,Nnmrmp,Kkzwpjhl,Engineering,Coordinator,$139190,2006-06-17,India,London,Pune
921,Xeamct,Gvmaaagw,HR,Analyst,$137128,2011-10-17,Germany,Ontario,London
922,Ysgdto,Xfylxibm,Sales,Executive,$36110,2001-06-10,UK,Ontario,Toronto
923,Pqvpgx,Zgdthdaz,Marketing,Executive,$84442,2023-03-07,Germany,Ontario,Pune
924,Mliwwg,Iqbdnnmw,Marketing,Analyst,$49619,2008-04-18,USA,Maharashtra,San Francisco
925,Locgkk,Gumglbpm,Engineering,Coordinator,$113891,2015-08-24,India,California,Munich
926,Uoobei,Ivoccrbq,Marketing,Analyst,$67715,2010-12-02,Canada,Bavaria,Pune
927,Umgglm,Gocjkjkc,Sales,Manager,$88104,2001-11-21,UK,Ontario,London
928,Pqrkee,Wjulyewk,Marketing,Manager,$139955,2019-08-10,UK,London,Pune
929,Cvgpiq,Shegzbop,HR,Analyst,$73406,2019-09-22,Canada,Ontario,Pune
930,Ltbsxy,Skedvgwk,Engineering,Coordinator,$66967,2012-07-11,Germany,Maharashtra,Pune
931,Wyiqsl,Ethtxvpp,Sales,Analyst,$41695,2003-07-07,Germany,California,Munich
932,Fhlrbf,Hnftotng,Sales,Coordinator,$34061,2013-01-06,Germany,California,London
933,Grwnnh,Ttmmhysd,Engineering,Executive,$104968,2004-01-08,India,Ontario,San Francisco
934,Gwlipm,Sikyhszk,Engineering,Coordinator,$123499,2014-04-27,India,California,London
935,Ymjajm,Bmegihlj,Engineering,Engineer,$81368,2013-10-07,UK,London,San Francisco
936,Unsyrj,Tkjfgzdm,HR,Engineer,$41909,2015-04-03,Germany,Bavaria,Toronto
937,Mbzpxk,Irvlzddw,Marketing,Coordinator,$39194,2011-01-27,Canada,Bavaria,Pune
938,Ayoztm,Osdrzmsy,Engineering,Coordinator,$31513,2009-03-02,India,Maharashtra,Pune
939,Egouvf,Xuhtfoar,Marketing,Engineer,$119998,2004-12-25,USA,California,Toronto
940,Viqikt,Cmsufdbg,Sales,Executive,$68471,2020-02-14,Canada,California,Pune
941,Eawvij,Zvfheuwy,Sales,Manager,$30780,2013-07-08,UK,Maharashtra,Munich
942,Apqpgz,Rscbliym,Sales,Coordinator,$36298,2018-08-20,USA,Ontario,Pune
943,Hghpyq,Ysweefia,Marketing,Coordinator,$117219,2000-09-05,USA,Maharashtra,Pune
944,Uywtmz,Jcwydkze,HR,Analyst,$89564,2005-06-18,India,Ontario,London
945,Iskfze,Oiuhoknv,Sales,Executive,$55481,2005-10-08,Germany,Maharashtra,San Francisco
946,Jqkaew,Ywygacki,Marketing,Coordinator,$141596,2012-08-20,Germany,California,San Francisco
947,Wlvxtv,Eadxtsbq,Engineering,Coordinator,$110191,2014-03-06,Canada,Maharashtra,Pune
948,Qkysik,Jfablayw,Marketing,Engineer,$103350,2015-01-08,India,Ontario,Munich
949,Jggvak,Crclbvmn,Engineering,Analyst,$145292,2011-05-19,UK,Maharashtra,San Francisco
950,Ghhwrp,Yqmsbxiu,Finance,Engineer,$86534,2014-01-06,USA,London,Toronto
951,Sxzaoq,Cbwuudna,Engineering,Coordinator,$147801,2020-02-19,Canada,London,London
952,Pggira,Egumdvza,Finance,Manager,$98287,2020-01-01,India,California,San Francisco
953,Wdqvqy,Ymaqatks,Marketing,Manager,$93872,2005-03-23,UK,Ontario,London
954,Edyrcn,Dxmodpdk,HR,Engineer,$118763,2003-10-11,Germany,Maharashtra,London
955,Cddnwm,Ivcpqrpv,Finance,Analyst,$129035,2016-12-24,Germany,Ontario,Toronto
956,Vupern,Ifybumha,Finance,Engineer,$149322,2023-07-03,Canada,Ontario,London
957,Lbpsnv,Vmoyhzfu,Engineering,Manager,$100657,2007-10-18,UK,Maharashtra,London
958,Xghclr,Pxmytpap,Finance,Analyst,$103501,2002-01-04,Germany,London,London
959,Ygatxb,Hnbkvvhq,Engineering,Executive,$62627,2022-02-04,UK,Bavaria,Munich
960,Zqhqmg,Miltflao,HR,Engineer,$83731,2003-12-19,Canada,London,Munich
961,Sgfvrf,Zwklemlu,Finance,Analyst,$46280,2009-05-23,Germany,London,San Francisco
962,Pxmgmf,Cawpuqgh,Sales,Analyst,$97508,2001-03-15,India,Ontario,Pune
963,Fxgxpd,Dsmsxtnf,Engineering,Analyst,$117011,2000-04-09,Germany,Bavaria,San Francisco
964,Cuyoud,Vdqwjsph,Sales,Manager,$80182,2008-07-02,Germany,Maharashtra,Toronto
965,Wiauvs,Meqhppqs,Sales,Coordinator,$66016,2010-03-28,Canada,California,San Francisco
966,Ubfnrc,Yxnkdkbx,Marketing,Engineer,$82276,2008-01-23,USA,California,San Francisco
967,Bbndll,Sdlsaekd,Marketing,Engineer,$71993,2008-12-22,Germany,Maharashtra,Toronto
968,Hptytn,Wqlmwwaf,Sales,Manager,$42585,2016-01-06,Canada,California,Toronto
969,Glpzsr,Wyzgmzby,Finance,Engineer,$109179,2003-07-13,Germany,Ontario,Munich
970,Ciqooz,Iibzuloc,Marketing,Analyst,$52993,2019-05-22,Canada,Maharashtra,Toronto
971,Fdqach,Zcfvnjgh,Engineering,Engineer,$97324,2010-04-09,India,Maharashtra,San Francisco
972,Jixxit,Xygbgrtd,HR,Engineer,$58507,2015-12-04,UK,London,San Francisco
973,Eacruw,Kgebucxy,HR,Engineer,$139455,2010-12-13,India,Maharashtra,Toronto
974,Sdvxts,Skqvpypi,Marketing,Coordinator,$85039,2023-05-02,Germany,Bavaria,Toronto
975,Leuksh,Yjjbuyee,Sales,Manager,$55083,2016-06-16,India,Bavaria,Toronto
976,Psvope,Crgjhklh,Marketing,Analyst,$36912,2012-07-01,Canada,London,Munich
977,Whsciw,Uaqtmvuv,Sales,Analyst,$79365,2009-11-12,India,Ontario,London
978,Eiauex,Yjfavcay,Marketing,Analyst,$48233,2008-05-05,India,Bavaria,Toronto
979,Gwlukg,Otajwihp,Marketing,Analyst,$43810,2018-11-03,Canada,London,Munich
980,Zngbil,Teipjfch,Sales,Engineer,$138613,2010-10-05,Germany,Maharashtra,Toronto
981,Dduojj,Lcdcytzh,HR,Coordinator,$142406,2001-03-26,India,Bavaria,San Francisco
982,Mopzjf,Sbmizblw,HR,Engineer,$117862,2015-03-23,Canada,London,San Francisco
983,Ouxrtj,Hlqwkdny,Marketing,Executive,$72461,2003-02-10,India,Ontario,Toronto
984,Qsjswe,Lroxktsg,Marketing,Analyst,$30330,2017-07-19,USA,Maharashtra,Munich
985,Zkmbgl,Arjjuccs,Marketing,Engineer,$62111,2006-11-06,India,London,Toronto
986,Cmcuwf,Jbupobty,Marketing,Manager,$111978,2017-05-17,Canada,California,London
987,Jyvnfl,Wvzpuier,Finance,Manager,$30882,2003-07-13,India,California,San Francisco
988,Znssyp,Gelfyjfz,Engineering,Manager,$31484,2012-01-01,Canada,Ontario,London
989,Hlpleo,Ogtwsunh,HR,Executive,$104495,2013-11-20,UK,Bavaria,Pune
990,Bckqwk,Geoihaop,Sales,Coordinator,$133528,2015-06-02,Germany,London,San Francisco
991,Qeodbd,Fsovqbpv,Sales,Manager,$99505,2019-08-22,Germany,Maharashtra,London
992,Aswori,Djdxkbaw,HR,Engineer,$93329,2014-06-27,India,Ontario,San Francisco
993,Ubqwil,Fupamfhm,Engineering,Coordinator,$129067,2019-03-18,Germany,London,Pune
994,Pfffoz,Cqvqhgml,Sales,Executive,$84031,2005-05-03,Germany,Maharashtra,Toronto
995,Pnszqr,Xshucuuc,HR,Analyst,$72709,2017-08-21,India,Bavaria,San Francisco
996,Ndqefl,Lwktjbdo,Marketing,Manager,$105596,2009-06-28,Canada,Ontario,Pune
997,Keigcs,Eojazfpw,Marketing,Analyst,$136469,2003-11-08,UK,Bavaria,London
998,Ggdoqn,Qkxupfoh,HR,Coordinator,$57736,2007-10-13,UK,London,Toronto
999,Tqknyf,Caqagupz,Finance,Manager,$33872,2016-07-03,Germany,Ontario,Toronto
1000,Xibfid,Eulomojl,Marketing,Coordinator,$51989,2008-03-04,UK,London,Pune
